1,491,Doctoral Dissertation,ANFS
2,197,Undergraduate Research,ANNB
3,19,Ugr Hum Anatomy & Physiology,ANPS
4,21,D2: SU: Cultural Anthropology,ANTH
5,24,D2:SU: Prehistoric Archaeology,ANTH
6,59,ISSP:D2:SU:Culture&Environment,ANTH
7,95,Global Health Develpmnt Diver,ANTH
7,95,D2: Food and Culture,ANTH
7,95,Intro to Writing Systems,ANTH
8,152,D2:Chinese Culture,ANTH
9,174,D2:SL:Culture Hlth and Healing,ANTH
10,178,Sociolinguistics,ANTH
11,191,Teaching Assistantship,ANTH
12,192,Independent Study,ANTH
13,193,Internship,ANTH
14,195,Archaeology in the Media,ANTH
14,195,Anthropology of Humor,ANTH
15,198,Undergraduate Research,ANTH
16,205,Senior Proseminar in Anthro,ANTH
17,292,Independent Study,ANTH
18,293,Internship,ANTH
19,295,Human Diversity & Evolution,ANTH
19,295,Human Diversity&Evolution Lab,ANTH
19,295,Anthropology and Activism,ANTH
19,295,Ethnography the War on Terror,ANTH
20,298,Undergraduate Research,ANTH
21,1,Elementary Arabic I,ARBC
22,51,Intermediate Arabic I,ARBC
23,95,Language & Arabic Culture,ARBC
24,5,Western Art:Ancient - Medieval,ARTH
25,6,Western Art:Renaissance-Modern,ARTH
26,140,Hist of Optical Media as Art,ARTH
27,158,Northern European 1400-1600,ARTH
28,178,Methods and Theories,ARTH
29,185,D2: Japanese Art,ARTH
30,186,D2: The Hindu Temple,ARTH
31,191,Internship,ARTH
32,198,Undergraduate Research,ARTH
33,282,Northern Baroque Art:Rembrandt,ARTH
34,1,Drawing,ARTS
34,1,TAP:Drawing,ARTS
35,3,Three-Dimensional Studies,ARTS
36,12,Perspectives on Art Making,ARTS
37,95,SU:TAP:Art  Design &Envronmnt,ARTS
37,95,TAP: Intro to Wheel Throwing,ARTS
38,113,Clay: Hand Building,ARTS
39,114,Clay: Wheel Throwing,ARTS
40,115,Intermediate Drawing,ARTS
41,121,Painting,ARTS
42,131,Printmaking: Etching,ARTS
43,132,Printmaking: Silkscreen,ARTS
44,137,Photography,ARTS
45,138,Color Photography,ARTS
46,141,Sculpture,ARTS
47,144,Digital Art,ARTS
48,145,Graphic Design,ARTS
49,148,Motion Picture Production,ARTS
50,191,Internship,ARTS
51,197,Independent Study,ARTS
52,215,Advanced Drawing,ARTS
53,221,Advanced Painting,ARTS
54,248,Adv Motion Picture Production,ARTS
55,281,Advanced Studies in Studio Art,ARTS
56,10,D2:TAP: What is Sound?,AS
57,95,SL: Design Thinking,AS
57,95,Foundations of Learning,AS
57,95,Design Your Life,AS
57,95,BioFIG,AS
58,195,SL: Intern in Social Science,AS
58,195,SL: Intern in Food Systems,AS
58,195,Intern in Arts & Sciences,AS
59,1,Introductory Animal Sciences,ASCI
59,1,Introductory Animal Sciences,ASCI
60,6,Companion Animal Care & Mgmt,ASCI
61,21,Horse Barn Cooperative,ASCI
62,97,Introductory Special Topics,ASCI
62,97,Intro Undergraduate Research,ASCI
62,97,Introductory TA's,ASCI
62,97,Understanding & Speaking Dog,ASCI
62,97,Intro to the Horse,ASCI
63,110,Animal Nutrit  Metab & Feeding,ASCI
63,110,Animal Nutrit  Metab & Feeding,ASCI
64,117,Horse Health and Disease,ASCI
65,121,Equus,ASCI
66,129,Horse Barn Coop Exec Committee,ASCI
67,135,CREAM,ASCI
68,156,Dairy Management Seminar,ASCI
69,181,Animal Science Career Seminar,ASCI
70,185,Biochem for Life & Health Sci,ASCI
71,187,BiochemLab for Life&Health Sci,ASCI
72,191,Teaching Assistants,ASCI
72,191,Intermediate Special Topics,ASCI
72,191,Canine Behavior,ASCI
72,191,Equine Training Techniques,ASCI
72,191,Equine Training Techniques,ASCI
73,195,Internship,ASCI
74,197,Undergraduate Research,ASCI
75,216,Endocrinology,ASCI
76,252,FARMS Senior Project,ASCI
77,264,Clin Topics:Livestock Medicine,ASCI
78,297,Advanced Special Topics,ASCI
78,297,Teaching Assistants,ASCI
78,297,Cream Advising,ASCI
78,297,Student Leadership,ASCI
78,297,Advanced Undergrad Research,ASCI
79,301,ASCI Graduate Journal Club,ASCI
80,391,Master's Thesis Research,ASCI
81,1,American Sign Language I,ASL
82,2,American Sign Language II,ASL
83,51,American Sign Language III,ASL
84,52,American Sign Language IV,ASL
85,195,Fingerspelling & Numbers,ASL
86,5,Exploring the Cosmos,ASTR
87,23,Astr Lab I:Measuring the Sky,ASTR
88,155,The Big Bang,ASTR
89,195,Intermediate Special Topics,ASTR
90,257,Modern Astrophysics,ASTR
91,155,Emergency Med. Response in AT,AT
92,159,Practicum in Athletic Trng I,AT
93,161,Practicum in Athletic Trng III,AT
94,168,Directed Obsv. in Athl Trng,AT
95,169,Clinical Experience in AT I,AT
96,171,Clinical Experience in AT III,AT
97,173,Clinical Experience in AT V,AT
98,184,Injury Eval & Recognition I,AT
99,187,Rehabilitation Techniques,AT
100,189,Recog & Tx of Med Cond in AT,AT
101,190,Senior Seminar in AT I,AT
102,11,Exploring Biology,BCOR
102,11,Exploring Biology,BCOR
103,21,Accelerated Biology,BCOR
103,21,Accelerated Biology,BCOR
104,101,Genetics,BCOR
104,101,Genetics,BCOR
105,102,SU: Ecology and Evolution,BCOR
105,102,SU:Ecology and Evolution,BCOR
106,195,UG Teaching Assistant,BCOR
107,192,Undergraduate Research,BIOC
108,205,Biochemistry I,BIOC
109,284,Biochemistry Senior Seminar,BIOC
110,292,Undergraduate Research,BIOC
111,294,Teaching Assistantship,BIOC
112,295,Fundamentals of Biochemistry,BIOC
112,295,Advanced BIOC of Human Disease,BIOC
113,301,General Biochemistry,BIOC
114,381,Seminar,BIOC
115,391,Master's Thesis Research,BIOC
116,392,Independent Literature Rsch,BIOC
117,395,Biochemistry Special Topics,BIOC
118,491,Doctoral Dissertation Research,BIOC
119,491,Doctoral Dissertation Research,BIOE
120,1,Principles of Biology,BIOL
120,1,Principles of Biology,BIOL
121,3,Human Biology,BIOL
122,13,Human Biology Laboratory,BIOL
123,98,Undergraduate Research,BIOL
124,189,Teaching Assistantship,BIOL
125,190,Internship,BIOL
126,198,Undergraduate Research,BIOL
127,204,Adv Genetics Laboratory,BIOL
128,217,Mammalogy,BIOL
128,217,Mammalogy,BIOL
129,223,Developmental Biology,BIOL
130,254,Population Genetics,BIOL
130,254,Population Genetics,BIOL
131,255,Comparative Physiology,BIOL
131,255,Comparative Physiology,BIOL
132,263,Genetics Cell Cycle Regulation,BIOL
133,266,Neurodevelopment,BIOL
134,271,Evolution,BIOL
135,275,Human Genetics,BIOL
136,276,Behavioral Ecology,BIOL
137,288,Seminar in Forensic Biology,BIOL
138,295,Human Diversity & Evolution,BIOL
138,295,Human Diversity & Evolution La,BIOL
139,298,Undergraduate Research,BIOL
140,371,Graduate Colloquium,BIOL
141,381,Advanced Topics in Genetics,BIOL
141,381,Special Topics in Biology,BIOL
141,381,Graduate Seminar,BIOL
141,381,Proposal Writing,BIOL
141,381,Intro to Teaching,BIOL
142,385,Biology Seminar,BIOL
143,391,Master's Thesis Rsch,BIOL
144,491,Doctoral Dissertation Rsch,BIOL
145,2,Prof. Develop. Series (Soph),BSAD
146,9,Personal Finance & Investing,BSAD
147,10,The Business Enterprise,BSAD
147,10,The Business Enterprise,BSAD
148,15,Business Communications,BSAD
149,25,Sustainable Bus Strategies,BSAD
150,30,Decision Analysis,BSAD
151,60,Financial Accounting,BSAD
152,61,Managerial Accounting,BSAD
153,94,Internship,BSAD
154,101,Business Savvy,BSAD
155,102,Prof. Develop. Series (Junior),BSAD
156,117,Business Law I,BSAD
157,120,Leadership & Org Behavior,BSAD
158,137,Entrepreneurial Leadership,BSAD
159,141,Info Technology & Bus Systems,BSAD
160,147,Green IT & Virtualization,BSAD
161,150,Marketing Management,BSAD
162,155,Marketing Communications,BSAD
163,161,Intermediate Accounting I,BSAD
164,173,Operations Management,BSAD
165,180,Managerial Finance,BSAD
166,181,Intermediate Financial Mgmt,BSAD
167,183,International Finance Mgmt,BSAD
168,184,Financial Institutions&Markets,BSAD
169,191,Strategy and Competition,BSAD
170,195,Dev Talent for Global Econ,BSAD
170,195,Corp Social Responsibility,BSAD
170,195,Real Estate Law,BSAD
171,202,Prof. Develop. Series (Senior),BSAD
172,222,Human Resource Management,BSAD
173,235,Entrepreneurial Family Firms,BSAD
174,251,Marketing Research,BSAD
175,256,Retail Management,BSAD
176,258,D2: Intn'l Market Analysis,BSAD
177,260,Financial Statement Analysis,BSAD
178,264,Corporation Taxation,BSAD
179,265,Accounting Information Systems,BSAD
180,273,Supply Chain Management,BSAD
181,282,Security Val & Portfolio Mgmt,BSAD
182,288,Wall Street Seminar,BSAD
183,295,Gov't. & NFP Acct,BSAD
184,299,Business Admin Honors Thesis,BSAD
185,310,Professional Communications,BSAD
186,364,Ind Readings & Rsch for MAcc,BSAD
187,366,Adv Topics in Corp Acct.&Rept,BSAD
188,384,Financial Mrkts&Interest Rates,BSAD
189,395,Tax Research,BSAD
189,395,Corporate Finance,BSAD
190,197,Undergrad Research,BSCI
191,297,Advanced Undergraduate Rsch,BSCI
192,995,Buckham Program Fall,BUCK
193,1,Foundations:Communication Meth,CALS
193,1,Foundations:Communication Meth,CALS
194,85,Computer Applications,CALS
195,95,First Year Honors Colloquium,CALS
196,125,Teaching Assistant Development,CALS
197,183,Communication Methods,CALS
197,183,Communication Methods,CALS
198,195,Self-Design Major Proposal,CALS
198,195,CALS Public Speaking TAs,CALS
198,195,CALS Reps,CALS
198,195,CALS Information Technology TA,CALS
199,1,Drafting and Design Drawing,CDAE
200,2,D2:SU:World Food Pop & Develop,CDAE
201,6,Energy Alternatives,CDAE
202,14,Visual Design Studio,CDAE
203,15,Visual Communication,CDAE
204,16,Digital Illustration,CDAE
205,24,Fund of Public Communication,CDAE
206,61,SU:Principles Comm Development,CDAE
207,91,Begin Drawing Non-Art Major,CDAE
208,95,D1:Persp on Ident  Predj & Pwr,CDAE
208,95,Oaxaca Pre-Departure Orientati,CDAE
209,101,Computer Aided Drafting&Design,CDAE
210,102,Sustainable Community Dev,CDAE
211,119,Event Planning for Athletics,CDAE
212,120,SL: Strategic Writing for PCOM,CDAE
213,121,News Writing Across Media,CDAE
214,124,Public Communication Media,CDAE
215,127,Consumer Markets&Public Policy,CDAE
216,128,The Consumer & Advertising,CDAE
217,158,Personal and Family Finance,CDAE
218,159,Consumer Assistance Program,CDAE
219,166,SL:Intro to Comm Entreprnrship,CDAE
220,167,Fin Mgmt: Comm Entrepreneurs,CDAE
221,168,SU:Marktng: Comm Entrepreneurs,CDAE
222,186,SL: Sustain Dev Sm Isl States,CDAE
223,191,Special Problems,CDAE
224,195,College Media Practicum,CDAE
224,195,Evolving Trends in Intl Devel,CDAE
224,195,Persuasion for PCOM,CDAE
224,195,SL:Socially Responsbl Marktng,CDAE
224,195,Soc Media:Theory to Prof Pract,CDAE
224,195,Global Media & Int'l Dev,CDAE
224,195,Local & Regional Food Systems,CDAE
224,195,Crisis Communication,CDAE
224,195,Design-Build for Stone Hut,CDAE
224,195,Energy Action Seminar,CDAE
225,196,Internship,CDAE
226,237,Economics of Sustainability,CDAE
227,250,SL: Applied Research Methods,CDAE
227,250,SL:Applied Research Methods,CDAE
228,254,Microeconomics for Appl Econ,CDAE
229,266,Dec Making:Comm Entrepreneurs,CDAE
230,267,Strat Plan:Comm Entrepreneurs,CDAE
231,276,SL: Community Design Studio,CDAE
232,286,SL: Sustain Dev Sm Isl States,CDAE
233,291,Independent Study,CDAE
234,295,SL:Local Community Initiatives,CDAE
234,295,Leadership in Practice,CDAE
234,295,Food Planning: MFPPSI,CDAE
235,296,Internship,CDAE
236,298,Undergraduate Research,CDAE
237,326,Community Economic Development,CDAE
238,351,Research Methods,CDAE
238,351,Research Methods,CDAE
239,391,Master's Thesis Research,CDAE
239,391,Master's Thesis Research,CDAE
240,392,Graduate Seminars,CDAE
241,395,Peace Corps Analysis,CDAE
241,395,Commun. Partnership Practicum,CDAE
241,395,Food Planning: MFPPSI,CDAE
241,395,Monetary Systems & Macroecon,CDAE
242,1,Statics,CE
242,1,Statics,CE
243,10,Geomatics,CE
243,10,Geomatics,CE
244,100,Mechanics of Materials,CE
245,132,SU: Environmental Systems,CE
246,133,Transportation Systems,CE
247,160,Hydraulics,CE
248,162,Hydraulics Lab,CE
248,162,Hydraulics Lab,CE
249,170,Structural Analysis,CE
250,172,Structural Steel Design,CE
251,185,SU:Capstone Design I,CE
252,193,College Honors,CE
253,218,Numerical Methods for Engineer,CE
254,254,Environmental Quantitive Anyl,CE
254,254,Environmental Quantitive Anyl,CE
255,256,Biol Proc Water/Wastewater Tr,CE
256,260,Hydrology,CE
257,271,Advanced Structural Analysis,CE
258,286,Foundation Design,CE
259,288,Geoenvironmental Engineering,CE
260,391,Master Thesis Rsch,CE
261,393,CEE Graduate Seminar,CE
262,491,Doctoral Dissertation Research,CE
263,95,Surveying & Mapping Techniques,CEMS
264,101,HCOL Research Experience,CEMS
265,23,Outline of General Chemistry,CHEM
265,23,Outline of General Chemistry,CHEM
266,25,Outline of General Chemistry,CHEM
267,31,General Chemistry 1,CHEM
267,31,General Chemistry 1,CHEM
268,35,Gen Chemistry for Majors 1,CHEM
268,35,Gen Chemistry for Majors 1,CHEM
269,95,TAP: SU:  Enviromental Risk,CHEM
269,95,A Biography of Cancer,CHEM
269,95,Chemistry Scholars Workshop,CHEM
270,121,Quantitative Analysis,CHEM
270,121,Quantitative Analysis,CHEM
271,141,Organic Chemistry 1,CHEM
271,141,Organic Chemistry 1,CHEM
272,143,Organic Chemistry for Majors 1,CHEM
272,143,Organic Chemistry for Majors 1,CHEM
273,146,Advanced Organic Laboratory,CHEM
274,165,Intro Physical Chemistry,CHEM
275,205,Biochemistry I,CHEM
276,231,Advanced Inorganic Chemistry,CHEM
277,241,Advanced Organic Chemistry 1,CHEM
278,282,Senior Seminar,CHEM
279,290,Internship,CHEM
280,291,Undergraduate Research,CHEM
281,295,Inorganic Synthesis Laboratory,CHEM
282,318,Current Topics in Chemistry,CHEM
283,381,Grad Seminar,CHEM
284,391,Master's Thesis Research,CHEM
285,488,Rsch Prob Conception&Solution,CHEM
286,491,Doctoral Dissertation Research,CHEM
287,1,Elementary Chinese I,CHIN
288,51,Intermediate Chinese I,CHIN
289,101,3rd Year College Chinese I,CHIN
290,121,3rd Year Conversation I,CHIN
291,201,4th Year College Chinese I,CHIN
292,251,Adv Reading & Writing I,CHIN
293,96,Exploring Cybersecurity,CIS
294,196,Applied Cybersecurity I,CIS
295,21,Classical Greek Civilization,CLAS
296,22,Etymology,CLAS
297,24,Myths/Legends Trojan War,CLAS
298,95,TAP: Ancient Drama,CLAS
298,95,ISEE:SU:Sust: A Cultural Hst,CLAS
298,95,Ancient Gaming Workshop,CLAS
298,95,Lab: Ancient Gaming Workshop,CLAS
299,122,History of Rome,CLAS
300,162,Aristotle,CLAS
301,195,Ancient Gaming Workshop,CLAS
301,195,Lab: Ancient Gaming Workshop,CLAS
302,197,Undergraduate Research,CLAS
303,296,History of Rome,CLAS
304,295,Cell & Molecular Pulmonology,CLBI
305,301,Cell Biology,CLBI
306,381,Seminar,CLBI
307,391,Master's Thesis Research,CLBI
308,395,Intro to Flow Cytometry,CLBI
308,395,Independent Research,CLBI
309,491,Doctoral Dissertation Research,CLBI
310,1,Healthy Brains  Healthy Bodies,COMU
311,21,Your Brain on Drugs,COMU
312,22,The Science of Happiness,COMU
313,96,WE Instructor Training: Yoga,COMU
313,96,WE Instructor Training: Fitnes,COMU
313,96,Origins of Personality,COMU
314,197,Teaching Assistantship,COMU
315,198,Undergraduate Research,COMU
316,51,D1:Intr Crit Race & Ethnic Std,CRES
317,195,Southwest Borderlands,CRES
317,195,D1: Reading Race  Seeing Race,CRES
318,197,Undergraduate Research,CRES
319,5,Exploring Cybersecurity,CS
320,8,Intro to Web Site Development,CS
321,20,Programming for Engineers,CS
322,21,Computer Programming I,CS
323,31,C Programming,CS
324,50,Seminar for New CS Majors,CS
325,64,Discrete Structures,CS
326,95,Instructing in CS,CS
327,110,Intermediate Programming-Java,CS
327,110,Intermediate Programming,CS
328,120,Advanced Programming,CS
329,121,Computer Organization,CS
330,124,Data Structures & Algorithms,CS
331,125,Computability and Complexity,CS
332,148,Database Design for the Web,CS
333,190,Internship,CS
334,195,Applied Cybersecurity I,CS
335,196,Undergraduate Research,CS
336,201,Operating Systems,CS
337,204,Database Systems,CS
338,228,Human-Computer Interaction,CS
339,243,Theory of Computation,CS
340,274,Computer Graphics,CS
341,275,Mobile Apps & Embedded Devices,CS
342,283,Undergraduate Honors Thesis,CS
343,287,Data Science I,CS
344,292,Senior Seminar,CS
345,295,Reinforcement Learning,CS
345,295,Intro. to Statistical Learning,CS
346,352,Evolutionary Computation,CS
347,391,Master's Thesis Research,CS
348,392,Master's Project,CS
349,394,Text summarization methods,CS
350,491,Doctoral Dissertation Research,CS
351,23,Linguistics for Clinicians,CSD
352,94,Dev of Spoken Language,CSD
353,101,Speech & Hearing Science,CSD
354,192,Independent Study,CSD
354,192,Independent Study,CSD
355,225,Becoming an SLPA,CSD
356,262,Measurement of Comm Processes,CSD
357,271,Introduction to Audiology,CSD
358,274,D2: Culture of Disability,CSD
359,281,Intro Cognitive Neuroscience,CSD
360,287,D2:Mindfulness&Helping Skills,CSD
361,290,Internship,CSD
362,293,Independent Study,CSD
363,295,VT LEND Experience,CSD
364,297,Teaching Assistantship,CSD
365,298,Undergraduate Research,CSD
366,311,Intrdsc Sem Neurodev Disabil I,CSD
367,313,Augmentative Communication,CSD
368,320,Clinic Preparation&Management,CSD
369,321,Clinic Practicum Study 1,CSD
370,324,Clinic Practicum Study 4,CSD
371,330,Assessment of Stuttering,CSD
372,340,Spch Snd Disorders in Children,CSD
373,341,Language Disorders,CSD
374,342,Seminar Lang/Lrng Disabilities,CSD
375,352,Voice Disorders,CSD
376,353,Adult Neuropathologies,CSD
377,361,Research Methods II,CSD
378,362,Master's Thesis Research,CSD
379,363,Non-thesis Research,CSD
380,381,Advanced Readings,CSD
381,300,Principles of Complex Systems,CSYS
382,352,Evolutionary Computation,CSYS
383,395,Audio Analy Compl Converstion,CSYS
384,301,Design Clin&Translational Res,CTS
385,305,Cell To Society I,CTS
386,310,Conduct Clin&Translational Res,CTS
387,320,Analyze Clin&Translational Res,CTS
388,385,Independent Study in CTS,CTS
388,385,Independent Study in CTS,CTS
389,391,Master's Thesis Research,CTS
390,392,Master's Research Internship,CTS
391,491,Doctoral Dissertation Research,CTS
392,5,D2:Intro to World Dance Cult,DNCE
393,11,Contemporary Dance I,DNCE
394,12,Contemporary Dance II,DNCE
395,21,Ballet I,DNCE
396,22,Ballet II,DNCE
397,33,D2: Brazilian Dance,DNCE
398,35,D2: Argentine Tango,DNCE
399,60,Movement & Improvisation,DNCE
400,95,Music/Dance Improv Wrkshp,DNCE
400,95,Pilates,DNCE
400,95,Hip Hop I,DNCE
400,95,Hip Hop II,DNCE
401,111,Contemporary Dance III,DNCE
402,116,Musical Theatre Dance,DNCE
403,160,Dance Composition,DNCE
404,175,Dance Repertory,DNCE
405,177,Site Performance Practicum,DNCE
406,197,Independent Study,DNCE
407,260,Choreography Workshop,DNCE
408,11,Principles of Macroeconomics,EC
409,12,Principles of Microeconomics,EC
410,20,TAP:Econ of Space Exploration,EC
411,40,D2:SU:Econ of Globalization,EC
411,40,TAP:D2:SU:Econ of Globalizatn,EC
412,45,D2: TAP: Latin Amer Developmnt,EC
413,53,D1:Political Economy of Race,EC
414,60,ISSP:Capitalism & Human Wlfare,EC
415,95,Econ of Space Exploration,EC
416,120,Money and Banking,EC
417,133,SU:Economics Envirnmntl Policy,EC
418,143,International Econ I: Trade,EC
419,156,Economics of Gender,EC
420,170,Economic Methods,EC
421,171,Macroeconomic Theory,EC
422,172,Microeconomic Theory,EC
423,195,Election and the Economy,EC
424,200,Econometrics & Applications,EC
425,220,Sem B: Global Financial Crisis,EC
425,220,Sem B:Topics in Public Finance,EC
426,230,Sem C: Topics in Enviro Econ,EC
427,237,Economy as a Complex System,EC
428,295,Internship: Money & Banking,EC
429,297,Undergraduate Research,EC
430,187,Student Teaching Practicum,ECSP
431,202,D2:Introduction to EI/ECSE,ECSP
432,211,Assessment in EI/ECSE,ECSP
433,220,Seminar in EI/ECSE,ECSP
434,311,Assessment in EI/ECSE,ECSP
435,320,Seminar in EI/ECSE,ECSP
436,386,Internship: EI/ECSE,ECSP
437,397,Problems in Education,ECSP
438,177,Curric & Pract in Elem Art,EDAR
439,178,Curriculum&Pract Middle/HS Art,EDAR
440,323,Inquiry and Technology,EDCI
441,397,Problems in Education,EDCI
442,220,Developmental Persp in Counsel,EDCO
443,344,Modalities:Counsel Child&Adol,EDCO
444,350,Prof Issues in Counseling,EDCO
445,374,Counseling Theory & Practice,EDCO
446,375,Lab Experience in Counseling,EDCO
447,388,Family and Couples Counseling,EDCO
448,389,Counseling Internship,EDCO
449,393,Adv Group:Theory and Practice,EDCO
449,393,Adv Group:Theory and Practice,EDCO
450,1,SL: Intro Early Care&Education,EDEC
451,63,Child Development,EDEC
452,101,Multiple Roles of Tcher in ECE,EDEC
453,103,Early Childhood Practicum,EDEC
454,139,Early Childhood Internship,EDEC
455,140,Early Childhood Seminar,EDEC
456,156,K-3 STEM: Math for Meaning,EDEC
457,179,K-3 Interdisciplinry Practicum,EDEC
458,181,K-3 Inquiry,EDEC
459,182,K-3 Literacy,EDEC
460,187,K-3 Studnt Teachng Internship,EDEC
461,188,K-3 Seminar,EDEC
462,195,Field Experience Early Child,EDEC
463,291,Independent Study Birth-Gr. 3,EDEC
464,24,Learners and Learning Process,EDEL
465,55,Readings and Research,EDEL
466,56,Teachers&the Teaching Process,EDEL
467,155,Lab Experience in Inquiry,EDEL
468,156,Teaching Math for Meaning,EDEL
469,157,SU: Social Educ&Social Studies,EDEL
470,158,Teaching Science for Meaning,EDEL
471,175,Lab Experience in Literacy,EDEL
472,176,Language Arts&Literacy Skills,EDEL
473,177,Children's Lit & Literacy,EDEL
474,178,Mtg Needs of Diverse Learners,EDEL
475,185,Student Teaching Internship,EDEL
476,187,Plan Adapt Deliv Lit Instruct,EDEL
477,188,Principles of Classroom Mgmt,EDEL
478,192,Independent Study,EDEL
478,192,Independent Study,EDEL
479,197,Undergraduate Research,EDEL
480,1,D1:Race and Racism in the U.S.,EDFS
481,197,Honors College Research,EDFS
482,203,Soc  Hst & Phil Found of Educ,EDFS
483,209,Intro to Research Methods,EDFS
484,302,Philosophy of Education,EDFS
485,304,Religion Spirituality & Ed,EDFS
486,309,Schol Pers Narr Writing:ED&SS,EDFS
487,347,Qualitative Research Methods,EDFS
488,391,Master's Thesis Research,EDFS
489,397,Independent Study,EDFS
490,455,Soc Process & Institutionl Chg,EDFS
491,50,D2: Bullying & Discrimination,EDHE
492,200,Contemporary Issues,EDHE
493,202,Human Rel in Univ Res Halls,EDHI
494,361,The (Un)Changing Academy,EDHI
495,380,Prog.Eval & Assessment in SA,EDHI
495,380,Adv Stdnt Dev II:Thry to Pract,EDHI
495,380,Advanced Helping Skills in SA,EDHI
495,380,Professional Problems in Educ,EDHI
496,385,Foundations & Functions of CSP,EDHI
497,395,Practicum,EDHI
498,397,Problems in Education,EDHI
499,276,Information Sources & Services,EDLI
500,300,Leading Learning Organizations,EDLP
501,333,Education Finance & Policy,EDLP
502,365,Policy to Practice,EDLP
503,380,Education Economics,EDLP
503,380,Contemplative Pedagogy,EDLP
504,390,Internship,EDLP
505,397,Independent Study,EDLP
506,409,Applied Educational Research,EDLP
507,429,Adv Quantitative Rsch Methods,EDLP
508,431,Adv Sem Organizational Ldrshp,EDLP
509,459,Mixed Method Research,EDLP
510,491,Doctoral Dissertation Research,EDLP
511,56,Teachers & Teaching Process,EDML
512,177,Young Adolescent ELA Methods,EDML
513,192,Independent Study,EDML
514,207,Adoles Lrng&Beh&Cog Perspect,EDML
515,260,Teaching Young Adolescents,EDML
516,261,Mid Lev Teaching Practicum II,EDML
517,287,Content Literacy in Mid Grades,EDML
518,295,ELL Practicum,EDML
519,24,Student Athlete Development,EDPE
520,55,Games Education,EDPE
520,55,Dance and Gymnastics Education,EDPE
520,55,Careers in College Athletics,EDPE
521,101,Intro to Sports Management,EDPE
522,155,Phys Educ in Secondary Schl,EDPE
523,166,Kinesiology,EDPE
524,191,Independent Study,EDPE
525,200,Concepts of Health & Fitness,EDPE
526,220,Sport in Society,EDPE
527,230,Philosophy of Coaching,EDPE
528,11,Ed Tech in Sec Ed Classroom,EDSC
529,192,Independent Study,EDSC
530,207,SL: Development:Thry & Applctn,EDSC
531,209,Practicum in Teaching,EDSC
532,215,SL: Reading in Secondary Schls,EDSC
532,215,SL: Reading in Secondary Schls,EDSC
533,216,Curr Instr&Assmt Sec Schl Tchr,EDSC
534,226,Teaching Internship,EDSC
534,226,Teaching Internship,EDSC
535,230,Teaching for Results,EDSC
536,5,D2:Iss Aff Persons W/Disabil,EDSP
537,201,D2:Foundations of Special Ed,EDSP
538,217,Behavior Analysis in SpecialEd,EDSP
539,224,Meeting Inst Needs/All Stdnts,EDSP
540,274,D2:Culture of Disability,EDSP
541,280,Assessment in Special Ed,EDSP
542,290,Early Lit and Math Curriculum,EDSP
543,295,SL:Practicum  Non-Endorsement,EDSP
543,295,Trauma Informed Practice,EDSP
544,296,Internship  Minor Endorsement,EDSP
545,297,Adolescent Lit & Math Curric,EDSP
546,322,Intern: Triadic Model Consult,EDSP
547,397,Problems in Education,EDSP
548,422,School Self-Assessment,EDSP
549,55,Arts Initiative RLC Foundation,EDSS
549,55,Think College VT Voc Internshp,EDSS
549,55,US Academic Culture,EDSS
549,55,US Academic Culture,EDSS
550,239,S.L.I.P. Seminar,EDSS
551,1,Tchng to Make a Difference,EDTE
552,56,D1:Lang Policy Issues Race&Sch,EDTE
553,3,Linear Circuit Analysis I,EE
554,81,Linear Circuits Laboratory I,EE
554,81,Linear Circuits Laboratory I,EE
555,100,Electrical Engr Concepts,EE
555,100,Electrical Engr Concepts,EE
556,120,Electronics I,EE
557,131,Fundamentals of Digital Design,EE
558,141,Electromagnetic Field Theory,EE
559,171,Signals & Systems,EE
560,183,Electronics Laboratory,EE
560,183,Electronics Laboratory,EE
561,187,Capstone Design I,EE
562,193,College Honors,EE
563,207,Introductory Bioengineering,EE
564,209,Transmission Line Analysis,EE
565,215,Electric Energy Systems Analys,EE
566,221,Prin VLSI Digital Circuit Des,EE
567,295,ST: Software Defined Radio,EE
568,302,Stochastic Processes,EE
569,391,Master's Thesis Research,EE
570,395,Graduate Seminar,EE
571,491,Doctoral Dissertation Research,EE
572,2,Graphical Communication,ENGR
572,2,Graphical Communication,ENGR
573,10,D1:Dvrsty Issues:Math/Sci/Egr,ENGR
574,50,First Year Engineering Seminar,ENGR
574,50,First Year Engineering Seminar,ENGR
575,95,AutoCAD,ENGR
576,101,Engineering Communications,ENGR
577,195,Advanced Bldg Info Mgmt,ENGR
578,1,Written Expression: Intrntl,ENGS
578,1,Written Expression,ENGS
579,5,TAP: Food & Writing,ENGS
579,5,TAP:Writers at Work,ENGS
579,5,TAP:Poetry: How shall we live?,ENGS
579,5,TAP:Graphic Novels/Narr.Theory,ENGS
579,5,TAP:19th Century Monsters,ENGS
579,5,TAP:Anatomy of the Short Story,ENGS
579,5,TAP:What is Literature?,ENGS
579,5,TAP: To Tell An American Story,ENGS
579,5,TAP:Writing Happiness,ENGS
579,5,TAP:Contemporary Irish Lit.,ENGS
580,21,British Literature I,ENGS
581,23,American Literature I,ENGS
582,27,IHPLit of Westn Trad I:Int Hum,ENGS
583,30,American Horror Film,ENGS
583,30,Food & American Culture,ENGS
583,30,GendrSexualityIdentity:AmPoetr,ENGS
583,30,Graphic Novel,ENGS
583,30,The Beat Generation,ENGS
584,40,Science Fiction & Fantasy,ENGS
585,50,Expository Writing,ENGS
586,51,Literary Journalism,ENGS
586,51,Writing Rhetorically,ENGS
586,51,Writing Science & Nature,ENGS
587,53,Intro to Creative Writing,ENGS
587,53,IFA:Intro to Creative Writing,ENGS
588,57,D1:Race&Ethnic Lit Stds:Intro,ENGS
589,61,D2:Intro to African Literature,ENGS
590,85,Introductory Seminar,ENGS
591,100,Literary Theory,ENGS
592,104,Tutoring Writing,ENGS
593,111,D1: Reading Race  Seeing Race,ENGS
594,117,Advanced Creative Nonfiction,ENGS
595,118,Advanced Writing: Fiction,ENGS
596,119,Advanced Writing: Poetry,ENGS
597,133,Chaucer,ENGS
598,135,Shakespeare,ENGS
599,143,Romanticism: Writing the Self,ENGS
600,150,Lits of Colonial Encounters,ENGS
601,152,19th Century American Fiction,ENGS
602,158,TransAtlntc 19C Womens Writing,ENGS
603,164,Modern Poetry,ENGS
604,177,D1:HarlemRenaissance&Negritude,ENGS
604,177,D1:African Am Women Writers,ENGS
605,191,Internship,ENGS
606,195,The Literary Cannibal,ENGS
607,197,Independent Study,ENGS
608,221,Performing Restoration Comedy,ENGS
609,281,Global Anglophone Novel,ENGS
609,281,Race NationNarr:AfrAmerWriters,ENGS
610,320,The Canterbury Tales,ENGS
610,320,Edgar Allan Poe,ENGS
611,345,Practicum in Teaching Writing,ENGS
612,350,Surv of Lit Theory & Criticism,ENGS
613,391,Master's Thesis Research,ENGS
614,397,Special Readings & Research,ENGS
615,1,SU: Intro Environmental Sci,ENSC
616,9,Orientation to Env Sciences,ENSC
617,130,Global Environmental Assessmnt,ENSC
617,130,Global Environmental Assessmnt,ENSC
618,160,Pollutant Mvmt/Air Land&Water,ENSC
618,160,Pollutant Mvmt/Air Land&Water,ENSC
619,192,Independent Study,ENSC
620,195,Internship,ENSC
621,196,Undergraduate Research,ENSC
622,295,Biodiv: Patterns & Processes,ENSC
623,299,Environmental Sciences Honors,ENSC
624,1,SU: Intro to Envrnmtl Studies,ENVS
624,1,SU:Intro to Envrnmtl Studies,ENVS
625,95,Energy Alternatives,ENVS
625,95,SU: Introduction to Vermont,ENVS
626,107,SU: Human Health & Envirnmt,ENVS
627,137,Landscape Dsgn Fundamentals,ENVS
628,141,Intro to Ecological Economics,ENVS
629,142,Intro to Environmental Policy,ENVS
630,153,D2:SL: Ethnobotany,ENVS
631,156,Permaculture,ENVS
632,167,D2: Global Env History,ENVS
633,173,Landscape Natural History,ENVS
634,174,Nat Areas Conservation&Steward,ENVS
635,179,D2: Ecofeminism,ENVS
636,180,Radical Environmentalism,ENVS
637,182,D2:Religion and Ecology,ENVS
638,191,Internship,ENVS
639,195,Energy Action Seminar,ENVS
639,195,Sust from Non-Human Perspct,ENVS
639,195,Applied Ecology,ENVS
639,195,Academic Planning Workshop,ENVS
639,195,The Southwest Borderlands,ENVS
639,195,Emerging Technology & Health,ENVS
639,195,Nature Drawing,ENVS
639,195,Landscape Photography,ENVS
640,197,Students Teaching Students,ENVS
641,201,Research Methods,ENVS
642,202,Senior Capstone,ENVS
643,203,Honors Thesis,ENVS
644,212,SL: Advanced Agroecology,ENVS
644,212,SL: Advanced Agroecology,ENVS
645,284,Teaching about the Environment,ENVS
646,291,Internship,ENVS
647,295,Cars  Culture  & the Media,ENVS
647,295,SL:Comm Based Conservation,ENVS
647,295,The Real Cost of Food,ENVS
647,295,Eastern Wilderness,ENVS
647,295,Human Ecology in the Arctic,ENVS
647,295,SL:SU: Env. Sust. Ed,ENVS
648,95,Academic Comm Skills II,ESOL
648,95,Reading Writing Strategies I,ESOL
648,95,Conversation Circle,ESOL
648,95,Focus on Pronunciation,ESOL
648,95,Academic Comm Skills I,ESOL
648,95,Academic Comm Skills II,ESOL
648,95,Academic Writing I,ESOL
648,95,Academic Writing II,ESOL
648,95,College Life & Culture,ESOL
648,95,Mastering Grammar,ESOL
648,95,Intro to Academic Writing,ESOL
648,95,Academic Reading Skills,ESOL
648,95,Listening & Speaking,ESOL
648,95,Graduate Oral Communication,ESOL
648,95,Foundation in Graduate Writing,ESOL
649,95,EXMS WE Leadership Seminar,EXMS
650,192,Independent Study,EXMS
651,242,Exercise and Sport Psychology,EXMS
652,244,Nutrition for Health & Fitness,EXMS
653,245,Evaluation & Prescription,EXMS
654,260,Adapted Physical Activity,EXMS
655,263,Fitness for Spec Populations,EXMS
656,270,Senior Seminar,EXMS
657,272,Senior Capstone Experience,EXMS
658,292,Independent Study,EXMS
659,21,Dendrology,FOR
659,21,Dendrology,FOR
660,192,Forestry Work Practicum,FOR
661,195,Nat Res Ecol and Assessment 1,FOR
661,195,Nat Res Ecol and Assessment 1,FOR
661,195,Woodturning and Conservation,FOR
661,195,Woodturning & Conservation,FOR
662,223,Multi-Resource Silviculture,FOR
663,291,Undergraduate Research,FOR
664,293,Independent Study,FOR
665,299,Honors,FOR
666,385,Advanced silviculture,FOR
667,1,Elementary I,FREN
668,2,Elementary II,FREN
669,51,Intermediate I,FREN
670,52,Intermediate II,FREN
671,101,Writing Workshop,FREN
672,107,Focus on Oral Expression,FREN
673,131,French Civilization,FREN
674,141,French Lit in Context I,FREN
675,201,Adv Composition & Conversation,FREN
676,266,Rev&React in 19th C Narrative,FREN
677,285,Quebec Literature,FREN
678,345,Food Syst  Soc & Policy,FS
679,351,Professional Development Sem.,FS
680,355,Ethics and the Food System,FS
681,360,Dissertation Writing Seminar,FS
682,390,Food Systems Grad Internship,FS
683,391,Master's Thesis Research,FS
684,392,Master's Project Research,FS
685,393,Independent Study,FS
686,491,Doctoral Dissertation Research,FS
687,7,Dev Motion Pct I:Origin-1930,FTS
688,10,Dev Motion Pct III:1960-2000,FTS
689,95,VT International Film Festival,FTS
689,95,IFA: Film Begets Film,FTS
690,121,Film/Television Theory,FTS
691,122,Film/TV Genre and Auteur,FTS
692,141,Film & Video Production I,FTS
692,141,Film & Video Production I,FTS
693,144,Screenwriting I,FTS
694,191,Internship,FTS
695,197,Independent Study,FTS
696,271,Sports Broadcasting,FTS
697,40,Weather  Climate & Landscapes,GEOG
698,50,D2:SU:World Regional Geog,GEOG
699,60,D1:Geography/Race&Ethnic in US,GEOG
700,81,Geospatial Cncpt&Visualization,GEOG
700,81,Geospatial Cncpt&Visualization,GEOG
701,95,Political Geog:Middle East,GEOG
702,140,Biogeography,GEOG
703,144,Geomorphology,GEOG
704,175,Urban Geography,GEOG
705,184,Geog Info:Cncpts & Applic,GEOG
705,184,Geog Info:Cncpts & Applic,GEOG
706,191,Internship,GEOG
707,192,SL:Vermont Field Studies,GEOG
708,196,Catastrophes,GEOG
709,197,Independent Study,GEOG
710,198,Undergraduate Research,GEOG
711,246,Climatology & Natural Hazards,GEOG
712,274,Adv Top:Critical Urban&Soc Geo,GEOG
713,287,Spatial Analysis,GEOG
714,297,Independent Study,GEOG
715,298,Undergraduate Research,GEOG
716,1,Earth System Science,GEOL
716,1,Earth System Science,GEOL
717,5,ISEE:MT Lk Geo Lake Chmpln Bsn,GEOL
718,55,Environmental Geology,GEOL
718,55,Environmental Geology,GEOL
719,95,TAP:Dynam Earth Thru Google,GEOL
719,95,SU: How The Earth Works,GEOL
720,101,Field Geology,GEOL
721,151,Geomorphology,GEOL
722,153,Stratigraphy & Sedimentology,GEOL
723,195,Geocomputing,GEOL
724,196,Special Topics: Hazmat Cert,GEOL
725,197,Independent Study,GEOL
726,198,Undergraduate Research,GEOL
727,201,Advanced Field Geology,GEOL
728,217,Vermont Field Geology,GEOL
729,231,Petrology,GEOL
730,246,X-ray Diffractometry,GEOL
731,291,Seminar in Geology,GEOL
732,352,Environmental Geology Seminar,GEOL
733,361,Advanced Structural Geology,GEOL
734,371,Tectonics of Vermont,GEOL
735,391,Master's Thesis Research,GEOL
736,1,Elementary,GERM
737,51,Intermediate,GERM
738,103,Composition & Conversation,GERM
739,156,German Lit in Context II,GERM
740,197,Independent Study,GERM
741,281,Fin-de-Siecle Vienna,GERM
742,297,Independent Study,GERM
743,391,Master's Thesis Research,GERM
744,381,Historians of the Empire,GKLT
744,381,Greek Tragedy,GKLT
744,381,Latin Prose Style,GKLT
744,381,Ancient Gaming Workshop,GKLT
744,381,Lab: Ancient Gaming Workshop,GKLT
745,391,Master's Thesis Research,GKLT
746,901,Animal Science,GRAD
746,901,Animal  Nutri & Food Sc,GRAD
746,901,Biochemistry,GRAD
746,901,Biology,GRAD
746,901,Biomedical Eng,GRAD
746,901,Biostatistics,GRAD
746,901,Business Admin,GRAD
746,901,Cell & Molecular Bio,GRAD
746,901,Chemistry,GRAD
746,901,Civil & Environ Eng,GRAD
746,901,Classics,GRAD
746,901,Clinical & Trans Sc,GRAD
746,901,Communication Sc,GRAD
746,901,Comm.Dev&Appli Econ,GRAD
746,901,Computer Science,GRAD
746,901,Counseling,GRAD
746,901,Curr & Instruct (MAT),GRAD
746,901,Curr & Instruct (MEd),GRAD
746,901,Dietetics,GRAD
746,901,Ed Leadership(M.Ed),GRAD
746,901,Ed Leader & Policy(EdD  PhD),GRAD
746,901,Educational Studies,GRAD
746,901,Electrical Engineering,GRAD
746,901,English,GRAD
746,901,Food Systems,GRAD
746,901,French,GRAD
746,901,Geology,GRAD
746,901,German,GRAD
746,901,Higher Ed& Stu Affairs,GRAD
746,901,Historic Preservation,GRAD
746,901,History,GRAD
746,901,Interdisciplinary,GRAD
746,901,Materials Science,GRAD
746,901,Mathematics MSc,GRAD
746,901,Math Sciences Ph.D,GRAD
746,901,Math Sciences Ph.D.,GRAD
746,901,Mechanical Engineering,GRAD
746,901,Micro & Molec Gen,GRAD
746,901,Natural Resources,GRAD
746,901,Neurosciences,GRAD
746,901,Nursing,GRAD
746,901,Nutri & Food Science,GRAD
746,901,Pathology,GRAD
746,901,Pharmacology,GRAD
746,901,Physical Therapy,GRAD
746,901,Physics,GRAD
746,901,Phys & Biophysics,GRAD
746,901,Plant Biology,GRAD
746,901,PBIO-Field Naturalist,GRAD
746,901,Plant & Soil Science,GRAD
746,901,Psyc (Clinical),GRAD
746,901,Psych  (Experimental),GRAD
746,901,Public Administration,GRAD
746,901,Reading & Lang Arts,GRAD
746,901,Social Work,GRAD
746,901,Special Education,GRAD
746,901,Statistics,GRAD
747,902,Animal Science,GRAD
747,902,Animal  Nutri & Food Sc,GRAD
747,902,Biochemistry,GRAD
747,902,Biology,GRAD
747,902,Biomedical Eng,GRAD
747,902,Biostatistics,GRAD
747,902,Business Admin.,GRAD
747,902,Cell & Molecular Bio,GRAD
747,902,Chemistry,GRAD
747,902,Civil & Environ Eng,GRAD
747,902,Classics,GRAD
747,902,Clinical & Trans Sc,GRAD
747,902,Communication Sc,GRAD
747,902,Comm.Dev&Appli Econ,GRAD
747,902,Computer Science,GRAD
747,902,Counseling,GRAD
747,902,Curr & Instruct (MAT),GRAD
747,902,Curr & Instruct (MEd),GRAD
747,902,Dietetics,GRAD
747,902,Ed Leadership(M.Ed),GRAD
747,902,Ed Leader & Policy(EdD  PhD),GRAD
747,902,Educational Studies,GRAD
747,902,Electrical Engineering,GRAD
747,902,English,GRAD
747,902,Food Systems,GRAD
747,902,French,GRAD
747,902,Geology,GRAD
747,902,German,GRAD
747,902,Higher Ed& Stu Affairs,GRAD
747,902,Historic Preservation,GRAD
747,902,History,GRAD
747,902,Interdisciplinary,GRAD
747,902,Materials Science,GRAD
747,902,Mathematics MSc,GRAD
747,902,Math Sciences Ph.D,GRAD
747,902,Mechanical Engineering,GRAD
747,902,Micro & Molec Gen,GRAD
747,902,Natural Resources,GRAD
747,902,Neurosciences,GRAD
747,902,Nursing,GRAD
747,902,Nutri & Food Science,GRAD
747,902,Pathology,GRAD
747,902,Pharmacology,GRAD
747,902,Physics,GRAD
747,902,Phys & Biophysics,GRAD
747,902,Plant Biology,GRAD
747,902,PT Visiting Grad,GRAD
747,902,PBIO-Field Naturalist,GRAD
747,902,Plant & Soil Science,GRAD
747,902,Psyc (Clinical),GRAD
747,902,Psych  Experimental),GRAD
747,902,Public Administration,GRAD
747,902,Reading & Lang Arts,GRAD
747,902,Social Work,GRAD
747,902,Special Education,GRAD
747,902,Statistics,GRAD
748,903,Animal Science,GRAD
748,903,Animal  Nutri & Food Sc,GRAD
748,903,Biochemistry,GRAD
748,903,Biology,GRAD
748,903,Biomedical Eng,GRAD
748,903,Biostatistics,GRAD
748,903,Business Admin.,GRAD
748,903,Cell & Molecular Bio,GRAD
748,903,Chemistry,GRAD
748,903,Civil & Environ Eng,GRAD
748,903,Classics,GRAD
748,903,Clinical & Trans Sc,GRAD
748,903,Communication Sc,GRAD
748,903,Comm.Dev&Appli Econ,GRAD
748,903,Computer Science,GRAD
748,903,Counseling,GRAD
748,903,Curr & Instruct (MAT),GRAD
748,903,Curr & Instruct (MEd),GRAD
748,903,Dietetics,GRAD
748,903,Ed Leadership(M.Ed),GRAD
748,903,Ed Leader & Policy(EdD  PhD),GRAD
748,903,Educational Studies,GRAD
748,903,Electrical Engineering,GRAD
748,903,English,GRAD
748,903,Enlgish,GRAD
748,903,Food Systems,GRAD
748,903,French,GRAD
748,903,Geology,GRAD
748,903,German,GRAD
748,903,Higher Ed& Stu Affairs,GRAD
748,903,Historic Preservation,GRAD
748,903,History,GRAD
748,903,Interdisciplinary,GRAD
748,903,Materials Science,GRAD
748,903,Mathematics MSc,GRAD
748,903,Math Sciences Ph.D,GRAD
748,903,Mechanical Engineering,GRAD
748,903,Micro & Molec Gen,GRAD
748,903,Natural Resources,GRAD
748,903,Neurosciences,GRAD
748,903,Nursing,GRAD
748,903,Nutri & Food Science,GRAD
748,903,Pathology,GRAD
748,903,Pharmacology,GRAD
748,903,Physics,GRAD
748,903,Phys & Biophysics,GRAD
748,903,Plant Biology,GRAD
748,903,FT Visiting Grad,GRAD
748,903,PBIO-Field Naturalist,GRAD
748,903,Plant & Soil Science,GRAD
748,903,Psyc (Clinical),GRAD
748,903,Psych  Experimental),GRAD
748,903,Public Administration,GRAD
748,903,Reading & Lang Arts,GRAD
748,903,Social Work,GRAD
748,903,Special Education,GRAD
748,903,Statistics,GRAD
749,1,Elementary,GRK
750,51,Intermediate,GRK
751,95,TA in Elementary Greek,GRK
752,204,Greek Tragedy,GRK
753,211,Greek Prose Style,GRK
754,212,Greek Prose Style,GRK
755,354,Medical Human Struc & Fnction,GRMD
756,300,Professional Nursing Issues,GRNS
757,301,Pharmacology,GRNS
758,302,Sci of Nsg:Adults & Elders,GRNS
759,303,Practicum:Adults & Elders I,GRNS
760,313,Pathophysiology,GRNS
761,322,Org  Deliv & Finance Hlth Care,GRNS
762,323,Methods Evid-Based Practice,GRNS
763,327,Adv Topics in Hlth Informatics,GRNS
764,335,Adv Pathophysiology,GRNS
765,336,Adv Pharmacology CNL,GRNS
766,338,Adv Hlth Assessment CNL,GRNS
767,380,Intrdsc Sem Neurodev Disabil I,GRNS
768,390,Master's Project,GRNS
769,391,Master's Thesis Research,GRNS
770,395,Independent Study,GRNS
771,396,Practicum: Chronic and Complex,GRNS
771,396,Practicum: Chronic and Complex,GRNS
771,396,ADV Pharmacology CNL,GRNS
772,404,Adv Pharmacology APRN,GRNS
773,406,Adv Hlth Assessment APRN,GRNS
774,410,Primary Care MgmtChild&Adol,GRNS
775,411,Pract Prim Care Mgt Child&Adol,GRNS
776,412,Prct Cnsder in Care Older Adlt,GRNS
777,413,Practicum: Nursing Older Adult,GRNS
778,419,Prim Care Chron/Cmplx Hth Cond,GRNS
779,420,Pract:Chronic&Complx Cond AGNP,GRNS
780,421,Pract:Chronic&Complex Cond FNP,GRNS
781,422,DNP Project & Seminar I,GRNS
782,423,DNP Project Practicum I,GRNS
783,424,DNP Project & Seminar II,GRNS
784,425,DNP Project Practicum II,GRNS
785,426,DNP Project & Seminar III,GRNS
786,427,Ex Nurse Leader Role Transform,GRNS
787,1,D2: SU:Intro to Global Studies,GRS
788,25,Global Village Passport,GRS
789,95,TAP: Post WWII Italian Cinema,GRS
789,95,D2:TAP: Latin Amer Protest Mus,GRS
789,95,D2:TAP:Introduction to Mexico,GRS
790,191,Internship,GRS
791,195,Evolving Trends in Intl Devel,GRS
791,195,Belfast:Geog of Peace Conflict,GRS
792,197,Independent Study,GRS
793,200,D2:AmerMltryBases&ContrGlHgmny,GRS
794,297,Independent Study,GRS
795,1,D2: TAP: Gndr Sxlty Wmns Stdy,GSWS
795,1,D2:Gender Sexuality Wmn's Stdy,GSWS
795,1,D2: Gndr Sxlty Wmns Stdy,GSWS
796,22,Sociology of Sexualities,GSWS
797,95,Communicating Masculinities,GSWS
798,100,D2: Gender and Feminism(s),GSWS
799,113,D2:Women & Religion in Africa,GSWS
800,120,Feminism:Theories and Issues,GSWS
801,142,TransAtlntc19 C Womens Writing,GSWS
802,150,D2:Women and Gender in Society,GSWS
803,179,D2: Ecofeminism,GSWS
804,185,Economics of Gender,GSWS
805,191,Practicum,GSWS
806,258,Gender and Law,GSWS
807,280,D2: Queer Lives: LGBT History,GSWS
808,297,Independent Study,GSWS
809,85,The Pursuit of Knowledge,HCOL
809,85,The Pursuit of Knowledge,HCOL
810,185,One Health,HCOL
810,185,Art of Literary Adaptation,HCOL
810,185,The Coming Plague,HCOL
810,185,SU:Climate Chg Cmplxty & Soc,HCOL
810,185,Ethics and Evolution,HCOL
810,185,Graphic Novels Narrative Thry,HCOL
810,185,Evolutionary Medicine,HCOL
810,185,D2:Enviro.  Ecocrit.  Be Globa,HCOL
810,185,Individualism & Its Dangers,HCOL
810,185,Crafting Democratic Inst.,HCOL
810,185,Issues in Food Sys-Food Safety,HCOL
810,185,Controversies in Modern Genomi,HCOL
810,185,SU: Pol Econ for Finite Planet,HCOL
810,185,D2: Comparative Epic,HCOL
810,185,Germany Since 1945,HCOL
811,1,SL: Int HDFS for Mjrs,HDFS
812,5,Human Development,HDFS
813,55,Exp  Development in Community,HDFS
814,65,Human Relationships&Sexuality,HDFS
815,141,D1:Interrogatng White Identity,HDFS
816,161,Social Context of Development,HDFS
817,268,Sem In Close Relationships,HDFS
818,291,Special Problems,HDFS
819,295,Adult Development & Aging,HDFS
820,296,SL: Field Experience,HDFS
821,1,Elementary,HEBR
822,51,Intermediate,HEBR
823,197,Independent Study,HEBR
824,3,Medical Terminology,HLTH
825,10,Health & Wellness,HLTH
826,25,Patient Care Equipment Tech,HLTH
827,51,Wilderness First Responder,HLTH
828,53,EMT - Basic,HLTH
829,57,EMT - Advanced,HLTH
830,95,D2:LGBTQ Health Disparities,HLTH
831,103,D2: Intro to Global Health,HLTH
832,105,D2:Cultural Health Care,HLTH
833,107,SU:Human Health & the Envirnmt,HLTH
834,137,Mindful Eating,HLTH
835,140,Issues in Women's Health,HLTH
836,141,Healing Touch Level 1,HLTH
837,142,Healing Touch Level 2,HLTH
838,143,Healing Touch Level 3,HLTH
839,155,D1:Racism & Health Disparities,HLTH
840,195,Int Sp Top Heal. Touch Lev 4,HLTH
840,195,Meridians  Systems & Organs,HLTH
840,195,Intro to Integrative Health,HLTH
841,197,Independent Study,HLTH
842,225,Health Technology Management,HLTH
843,296,Intro to Pathophysiology,HLTH
844,95,Music in Live Performance,HON
845,101,Thesis Proposal Seminar,HON
846,196,HCOL: HEC (Course option),HON
846,196,HCOL: HECLab/Studio/Perform,HON
847,201,Thesis Seminar,HON
848,202,Honors: Anthropology,HON
849,204,Honors: Studio Art,HON
850,206,Honors: Art History,HON
851,208,Honors: Biology,HON
851,208,Honors: Biology,HON
852,210,Honors: Plant Biology,HON
853,212,Honors: Chemistry,HON
854,214,Honors: Classics,HON
855,218,Honors: Economics,HON
856,220,Honors: English,HON
857,222,Honors: French,HON
858,224,Honors: Geography,HON
859,226,Honors: Geology,HON
860,228,Honors: German,HON
861,230,Honors: Greek,HON
862,232,Honors: History,HON
863,234,Honors:Global&Regional Studies,HON
864,236,Honors: Latin,HON
865,240,Honors: Music,HON
866,242,Honors: Philosophy,HON
867,244,Honors: Physics,HON
868,246,Honors: Political Science,HON
869,248,Honors: Psychological Sci,HON
870,250,Honors: Religion,HON
871,252,Honors: Russian,HON
872,254,Honors: Sociology,HON
873,256,Honors: Spanish,HON
874,258,Honors: Theatre,HON
875,260,Honors: Environmental Studies,HON
876,262,Hon:Gendr Sexuality Wmn's Stdy,HON
877,264,Honors:Individually Designed,HON
878,266,Honors:Computer Science,HON
879,268,Honors: Italian Studies,HON
880,270,Honors: Chinese,HON
881,272,Honors: Film/Television Stdies,HON
882,276,Honors: Biochemistry,HON
883,278,Honors: Environmental Sciences,HON
884,280,Honors: Linguistics,HON
885,281,Honors: Neuroscience,HON
886,286,Honors: Japanese,HON
887,288,Honors: Mathematics,HON
888,200,History American Architecture,HP
889,204,Historic Pres: Devlpmnt Econ,HP
890,205,Historic Preservation Law,HP
891,206,Rschg Historic Structure/Sites,HP
892,302,Community Preservation Project,HP
893,303,Grad Internship,HP
894,307,Architectural Conservation II,HP
895,391,Master's Thesis Research,HP
896,397,Special Readings & Research,HP
897,115,History of Poland,HS
898,190,The Holocaust,HS
899,226,The Holocaust in Poland,HS
900,130,Health Promotion,HSCI
901,290,Internship,HSCI
902,9,D2: Global History to 1500,HST
903,10,D2: Global History Since 1500,HST
904,11,US History to 1865,HST
905,12,US History Since 1865,HST
906,13,IHP: Ideas in the Western Trad,HST
907,15,Early Europe,HST
908,16,Modern Europe,HST
909,21,Classical Greek Civilization,HST
910,41,D2: Africa  C-1870 to Present,HST
911,45,D2: Hst Islam&Middle E to 1258,HST
912,55,D2:History of China and Japan,HST
913,67,D2: Global Env History,HST
914,95,TAP: Unnatural Border,HST
914,95,TAP:Rev Ideologies in 20th C.,HST
914,95,TAP: Women's History,HST
915,101,History Methods,HST
916,115,History of Poland,HST
917,122,History of Rome,HST
918,146,D2:Hist of Modern Middle East,HST
919,155,Colonial North America,HST
920,158,History of New England,HST
921,165,Canadian-American Relations,HST
922,181,Film and History,HST
923,187,D1:Afr Amer Hst:1619-Civil War,HST
924,190,The Holocaust,HST
925,195,Love&Death in Modern Europe,HST
925,195,Southwest Borderlands,HST
925,195,Modern Mexico,HST
925,195,WWI in Global Perspective,HST
926,197,Independent Study,HST
927,198,Undergraduate Research,HST
928,199,Internship,HST
929,226,Holocaust in Poland,HST
930,280,D2:Queer Lives: LGBT History,HST
931,295,American Slavery,HST
931,295,Latin America:History & Memory,HST
931,295,Hst Human Nature &Public Pol,HST
932,301,Graduate Historiography,HST
933,391,Master's Thesis Research,HST
934,395,Research & Chicago's 1893 Fair,HST
935,397,Special Readings and Research,HST
936,1,Elementary I,ITAL
937,2,Elementary II,ITAL
938,51,Intermediate I,ITAL
939,101,Reading and Writing Workshop,ITAL
940,122,History of Italian Cinema,ITAL
941,125,Italian Food Culture,ITAL
942,1,Elementary Japanese I,JAPN
943,51,Intermediate Japanese I,JAPN
944,95,TAP:Japn. popular Cul & Global,JAPN
945,101,Advanced Japanese I,JAPN
946,121,Japanese Conversation I,JAPN
947,195,Kanji is Key I,JAPN
948,201,SL:Studies of Japanese Texts I,JAPN
949,221,Japanese for Communication I,JAPN
950,295,Japanese in Cultural Context I,JAPN
951,1,Elementary,LAT
952,51,Intermediate,LAT
953,101,Survey Latin Literature,LAT
954,211,Latin Prose Style,LAT
955,255,Historians of the Empire,LAT
956,80,Introduction to Linguistics,LING
957,84,Language & Arabic Culture,LING
958,95,D1:Linguistic Diversity in US,LING
958,95,Intro to Writing Systems,LING
958,95,Teaching Assistantship,LING
959,165,Phonetic Theory and Practice,LING
960,168,Introduction to Pragmatics,LING
961,170,TESOL and Applied Linguistics,LING
962,171,Intro to Psycholinguistics,LING
963,178,Sociolinguistics,LING
964,196,Semantics,LING
965,198,Undergraduate Research,LING
966,215,Trig/Algebra for Teachers II,MAED
967,240,Calculus for Teachers II,MAED
968,305,Statistics & Research II,MAED
969,9,College Algebra,MATH
970,10,Pre-Calculus Mathematics,MATH
971,15,Elementary School Math,MATH
972,17,Applications of Finite Math,MATH
973,18,Basic Mathematics,MATH
974,19,Fundamentals of Calculus I,MATH
975,20,Fundamentals of Calculus II,MATH
976,21,Calculus I,MATH
977,22,Calculus II,MATH
978,23,Transitional Calculus,MATH
979,52,Fundamentals of Mathematics,MATH
980,121,Calculus III,MATH
981,122,Applied Linear Algebra,MATH
982,124,Linear Algebra,MATH
983,151,Groups and Rings,MATH
984,173,Basic Combinatorial Theory,MATH
985,183,Fundamentals of Financial Math,MATH
986,195,College Geometry,MATH
987,230,Ordinary Differential Equation,MATH
988,237,Intro to Numerical Analysis,MATH
989,241,Anyl in Several Real Vars I,MATH
990,251,Abstract Algebra I,MATH
991,271,Adv Engineering Mathematics,MATH
992,273,Combinatorial Graph Theory,MATH
993,295,Cryptography,MATH
993,295,Classical Fourier Analysis,MATH
994,300,Principles of Complex Systems,MATH
995,330,Adv Ordinary Diff Equations,MATH
996,333,Thry Functions Real Variables,MATH
997,391,Master's Thesis Research,MATH
998,491,Doctoral Dissertation Research,MATH
999,391,Master's Thesis Research,MATS
1000,491,Doctoral Dissertation Research,MATS
1001,301,Foundations of Management,MBA
1001,301,World Challenges:Phys&Soc Real,MBA
1001,301,Bus Strat for Sustainable Wrld,MBA
1001,301,Finance for Innovators,MBA
1001,301,Sustainable Brand Marketing,MBA
1001,301,Teamwrk&Collab for Sus Innovat,MBA
1001,301,Business Economics,MBA
1001,301,Entreprenrl Leadership&Mindset,MBA
1002,302,Bldg a Sustainable Enterprise,MBA
1002,302,Bus Sustainability & Policy,MBA
1002,302,Entrepreneurial Business Model,MBA
1002,302,Marketing Under Uncertainty,MBA
1002,302,Organizing for Transformation,MBA
1002,302,Finance for Innovators,MBA
1002,302,Cost Models,MBA
1003,12,Dynamics,ME
1004,40,Thermodynamics,ME
1005,81,Mech Engr Shop Experience,ME
1005,81,Mech Engr Shop Experience,ME
1006,83,Computational Mech Engr Lab,ME
1007,101,Materials Engineering,ME
1008,111,System Dynamics,ME
1009,123,Thermo-Fluid Lab,ME
1009,123,Thermo-Fluid Lab,ME
1010,124,Materials and Mechanics Lab,ME
1010,124,Materials and Mechanics Lab,ME
1011,143,Fluid Mechanics,ME
1012,185,Capstone Design I,ME
1013,190,Internship,ME
1014,191,Senior Thesis,ME
1015,193,College Honors,ME
1016,207,Bioengineering,ME
1017,218,Numerical Methods for Engineer,ME
1018,230,Orbital Mechanics,ME
1019,240,Compressible Flow,ME
1020,242,Adv Engr Thermodynamics I,ME
1021,249,Computational Fluids Engr,ME
1022,257,Composite Materials,ME
1023,271,Micro and Nano Systems,ME
1024,280,Cooperative Ed Experience,ME
1025,281,Seminar,ME
1026,295,AST: Engr Harvest & Renew Engr,ME
1026,295,Non-Newtonian Fluids,ME
1026,295,Computational Biomechanics,ME
1026,295,Adv. Comp. Fluid Dynamics,ME
1026,295,Cubsat Testing Design,ME
1027,304,Adv Engineering Analysis I,ME
1028,391,Master's Thesis Research,ME
1029,491,Doctoral Dissertation Research,ME
1030,110,Phlebotomy,MLRS
1031,140,Radiation Science,MLRS
1032,175,Medical Imaging,MLRS
1033,281,Applied Molecular Biology,MLRS
1034,282,Applied Molecular Biology Lab,MLRS
1035,293,Undergraduate Research,MLRS
1036,294,Undergraduate Research II,MLRS
1037,297,Leadership & Mgt in Hlth Care,MLRS
1038,299,Advanced Special Topics,MLRS
1039,220,Clinical Practicum: Chemistry,MLS
1040,222,Clinical Chemistry II,MLS
1041,230,Clinical Practicum:Hematology,MLS
1042,231,Hematology,MLS
1043,250,Clin Practicum:Microbiology,MLS
1044,255,Clinical Microbiology II,MLS
1045,260,Clin Practicum:Immunohematolog,MLS
1046,262,Immunohematology,MLS
1047,282,Public Health Lab Practicum,MLS
1048,292,Topics in Medical Lab Science,MLS
1049,295,Adv Special Topics Hematology,MLS
1050,1,First Year Colloquium,MMG
1051,2,Unseen Worlds:Microbes and You,MMG
1052,65,Microbiology & Pathogenesis,MMG
1052,65,Microbiology & Pathogenesis,MMG
1053,95,Special Micro Lab,MMG
1053,95,Microbiology & Pathogenesis,MMG
1054,101,Microbiol & Infectious Disease,MMG
1054,101,Microbiol & Infectious Disease,MMG
1055,195,Teaching Assistant,MMG
1055,195,Special Topics,MMG
1055,195,Special Micro Lab,MMG
1055,195,Microbiol & Infectious Disease,MMG
1056,197,Undergraduate Research,MMG
1056,197,Honors Coll Undergrad Research,MMG
1056,197,Undergraduate Research,MMG
1056,197,Undergraduate Research,MMG
1057,205,Biochemistry I,MMG
1058,211,Prokaryotic Molecular Genetics,MMG
1059,225,Eukaryotic Virology,MMG
1060,233,Genetics and Genomics,MMG
1061,295,Advanced Special Topics,MMG
1061,295,Internship,MMG
1061,295,Teaching Assistant,MMG
1061,295,Ethics in Graduate Research,MMG
1062,297,Undergraduate Research,MMG
1062,297,Honors Coll Undergrad Research,MMG
1062,297,Honors College Undergrad Res,MMG
1062,297,Honors Coll Undergrad Res,MMG
1063,299,Senior Seminar,MMG
1064,391,Master's Thesis Research,MMG
1065,491,Doctoral Dissertation Research,MMG
1066,191,Undergraduate Research,MPBP
1067,301,Human Physiology & Pharm I,MPBP
1068,303,Critical Reading,MPBP
1069,310,Molecular Control of the Cell,MPBP
1070,325,Data Analysis&Presentation I,MPBP
1071,381,Seminar,MPBP
1072,391,Master's Thesis Research,MPBP
1073,395,Medical Science Research,MPBP
1074,491,Doctoral Dissertation Research,MPBP
1075,11,Intro to ROTC & US Army,MS
1075,11,Intro to ROTC & US Army,MS
1076,21,Leadership&Team Development,MS
1076,21,Leadership&Team Development,MS
1077,131,Lead&Train Small Organizations,MS
1077,131,Lead&Train Small Organizations,MS
1078,241,Ldrshp Challenges&Goal Setting,MS
1078,241,Ldrshp Challenges&Goal Setting,MS
1079,1,Intro to Classical Music,MU
1080,5,D1: Intro to Jazz History,MU
1081,7,D2: Intro World Music Cultures,MU
1082,9,Music Theory Fundamentals,MU
1083,15,History of Rock and Roll,MU
1084,21,Beginning Grp Lessons: Guitar,MU
1084,21,Beg Grp Lessons: Conga/Djembe,MU
1085,25,Group Jazz Piano II,MU
1086,41,Piano Proficiency I,MU
1087,43,Piano Proficiency III,MU
1088,54,Harmony and Form Lab I,MU
1089,60,Intro to Music Technology,MU
1090,61,Creating Music for Video,MU
1091,75,TAP:Exploring Songwriting,MU
1092,77,String Techniques,MU
1093,95,Bela Bartok: Music and Man,MU
1093,95,Music/Dance Improv Wrkshp,MU
1093,95,Intro Taiko Japanese Drumming,MU
1094,107,D2: World Music Cultures,MU
1095,109,Harmony and Form I,MU
1096,111,Music History & Literature I,MU
1097,117,Swing Band:Nonet,MU
1098,118,Latin Jazz Ensemble,MU
1099,119,Jazz Vocal Ensemble,MU
1100,120,Catamount Pep Band,MU
1101,121,Concert Band,MU
1102,122,University Concert Choir,MU
1103,123,Orchestra,MU
1104,124,University Jazz Ensemble,MU
1105,125,Vermont Wind Ensemble,MU
1106,126,Accompanying,MU
1107,127,University Catamount Singers,MU
1108,129,Percussion Ensemble,MU
1109,130,Chamber Music,MU
1110,131,A & B Jazz Combos,MU
1111,132,Post Bop Ensemble,MU
1112,149,Soph Recital/Performance Sem,MU
1113,150,Junior Recital,MU
1114,154,Harmony and Form Lab III,MU
1115,161,Studio Production I,MU
1116,172,Arts Management,MU
1117,195,Bela Bartok: Music and Man,MU
1118,197,Independent Study,MU
1119,209,Harmony and Form III,MU
1120,250,Senior Recital,MU
1121,258,Advanced Jazz Comp and Arr,MU
1122,259,Thry & Prac of Jazz Improv II,MU
1123,261,Studio Production III,MU
1124,272,Choral Music Methods,MU
1125,273,Choral Music Practicum,MU
1126,281,Advanced Conducting,MU
1127,290,Teaching Internship,MU
1128,33,Private Lessons:Bassoon,MUL
1128,33,Private Lessons:Cello,MUL
1128,33,Private Lessons:Clarinet,MUL
1128,33,Private Lessons:Classcl Guit,MUL
1128,33,Private Lessons:Conga/Djembe,MUL
1128,33,Private Lessons: Drum Set,MUL
1128,33,Private Lessons:Flute,MUL
1128,33,Private Lessons:Harp,MUL
1128,33,Private Lessons:Horn,MUL
1128,33,Private Lessons:Jazz Bass,MUL
1128,33,Private Lessons:Jazz Guitar,MUL
1128,33,Private Lessons:Jazz Piano,MUL
1128,33,Private Lessons:Jazz Saxophone,MUL
1128,33,Private Lessons:Jazz Trombone,MUL
1128,33,Private Lessons:Jazz Trumpet,MUL
1128,33,Private Lessons:Jazz Voice,MUL
1128,33,Private Lessons:Oboe,MUL
1128,33,Private Lessons:Organ,MUL
1128,33,Private Lessons:Percussion,MUL
1128,33,Private Lessons:Piano,MUL
1128,33,Private Lessons:Saxophone,MUL
1128,33,Private Lessons:String Bass,MUL
1128,33,Private Lessons:Trombone,MUL
1128,33,Private Lessons:Trumpet,MUL
1128,33,Private Lessons:Viola,MUL
1128,33,Private Lessons:Violin,MUL
1128,33,Private Lessons:Voice,MUL
1129,34,Rqd Sec Lessons:Bassoon,MUL
1129,34,Rqd Sec Lessons:Cello,MUL
1129,34,Rqd Sec Lessons:Clarinet,MUL
1129,34,Rqd Sec Lessons:Classcl Guit,MUL
1129,34,Rqd Sec Lessons:Conga/Djembe,MUL
1129,34,Rqd Sec Lessons:Drum Set,MUL
1129,34,Rqd Sec Lessons:Flute,MUL
1129,34,Rqd Sec Lessons:Harp,MUL
1129,34,Rqd Sec Lessons:Horn,MUL
1129,34,Rqd Sec Lessons:Jazz Bass,MUL
1129,34,Rqd Sec Lessons:Jazz Guitar,MUL
1129,34,Rqd Sec Lessons:Jazz Piano,MUL
1129,34,Rqd Sec Lessons:Jazz Saxophone,MUL
1129,34,Rqd Sec Lessons:Jazz Trombone,MUL
1129,34,Rqd Sec Lessons:Jazz Trumpet,MUL
1129,34,Rqd Sec Lessons:Jazz Voice,MUL
1129,34,Rqd Sec Lessons:Oboe,MUL
1129,34,Rqd Sec Lessons:Organ,MUL
1129,34,Rqd Sec Lessons:Percussion,MUL
1129,34,Rqd Sec Lessons:Piano,MUL
1129,34,Rqd Sec Lessons:Saxophone,MUL
1129,34,Rqd Sec Lessons:String Bass,MUL
1129,34,Rqd Sec Lessons:Trombone Tuba,MUL
1129,34,Rqd Sec Lessons:Trumpet,MUL
1129,34,Rqd Sec Lessons:Viola,MUL
1129,34,Rqd Sec Lessons:Violin,MUL
1129,34,Rqd Sec Lessons:Voice,MUL
1130,44,Elec Sec Lessons:Bassoon,MUL
1130,44,Elec Sec Lessons:Cello,MUL
1130,44,Elec Sec Lessons:Clarinet,MUL
1130,44,Elec Sec Lessons:Classcl Guit,MUL
1130,44,Elec Sec Lessons:Conga/Djembe,MUL
1130,44,Elec Sec Lessons:Drum Set,MUL
1130,44,Elec Sec Lessons:Flute,MUL
1130,44,Elec Sec Lessons:Harp,MUL
1130,44,Elec Sec Lessons:Horn,MUL
1130,44,Elec Sec Lessons:Jazz Bass,MUL
1130,44,Elec Sec Lessons:Jazz Guitar,MUL
1130,44,Elec Sec Lessons:Jazz Piano,MUL
1130,44,Elec Sec Lessons:Jazz Saxophon,MUL
1130,44,Elec Sec Lessons:Jazz Trombone,MUL
1130,44,Elec Sec Lessons:Jazz Trumpet,MUL
1130,44,Elec Sec Lessons:Jazz Voice,MUL
1130,44,Elec Sec Lessons:Oboe,MUL
1130,44,Elec Sec Lessons:Organ,MUL
1130,44,Elec Sec Lessons:Percussion,MUL
1130,44,Elec Sec Lessons:Piano,MUL
1130,44,Elec Sec Lessons:Saxophone,MUL
1130,44,Elec Sec Lessons:String Bass,MUL
1130,44,Elec Sec Lessons:Trombone Tuba,MUL
1130,44,Elec Sec Lessons:Trumpet,MUL
1130,44,Elec Sec Lessons:Viola,MUL
1130,44,Elec Sec Lessons:Violin,MUL
1130,44,Elec Sec Lesson:Voice,MUL
1131,133,Private Lessons:Bassoon,MUL
1131,133,Private Lessons:Cello,MUL
1131,133,Private Lessons:Clarinet,MUL
1131,133,Private Lessons:Classcl Guitar,MUL
1131,133,Private Lessons:Congo Djembe,MUL
1131,133,Private Lessons:Accordion,MUL
1131,133,Private Lessons:Drum Set,MUL
1131,133,Private Lessons:Flute,MUL
1131,133,Private Lessons:Harp,MUL
1131,133,Private Lessons:Horn,MUL
1131,133,Private Lessons:Jazz Bass,MUL
1131,133,Private Lessons:Jazz Guitar,MUL
1131,133,Private Lessons:Jazz Piano,MUL
1131,133,Private Lessons:Jazz Saxophone,MUL
1131,133,Private Lessons:Jazz Trombone,MUL
1131,133,Private Lessons:Jazz Trumpet,MUL
1131,133,Private Lessons:Jazz Voice,MUL
1131,133,Private Lessons:Oboe,MUL
1131,133,Private Lessons:Organ,MUL
1131,133,Private Lessons:Percussion,MUL
1131,133,Private Lessons:Piano,MUL
1131,133,Private Lessons:Saxophone,MUL
1131,133,Private Lessons:String Bass,MUL
1131,133,Private Lessons:Trombone  Tuba,MUL
1131,133,Private Lessons:Trumpet,MUL
1131,133,Private Lessons:Viola,MUL
1131,133,Private Lessons:Violin,MUL
1131,133,Private Lessons:Voice,MUL
1132,134,Private Lessons:Bassoon,MUL
1132,134,Private Lessons:Cello,MUL
1132,134,Private Lessons:Clarinet,MUL
1132,134,Private Lessons:Classcl Guitar,MUL
1132,134,Private Lessons:Drum Set,MUL
1132,134,Private Lessons:Flute,MUL
1132,134,Private Lessons:Harp,MUL
1132,134,Private Lessons:Horn,MUL
1132,134,Private Lessons:Jazz Bass,MUL
1132,134,Private Lessons:Jazz Guitar,MUL
1132,134,Private Lessons:Jazz Piano,MUL
1132,134,Private Lessons:Jazz Saxophone,MUL
1132,134,Private Lessons:Jazz Trombone,MUL
1132,134,Private Lessons:Jazz Trumpet,MUL
1132,134,Private Lessons:Jazz Voice,MUL
1132,134,Private Lessons:Oboe,MUL
1132,134,Private Lessons:Organ,MUL
1132,134,Private Lessons:Percussion,MUL
1132,134,Private Lessons:Piano,MUL
1132,134,Private Lessons:Saxophone,MUL
1132,134,Private Lessons:String Bass,MUL
1132,134,Private Lessons:Trombone/Tuba,MUL
1132,134,Private Lessons:Trumpet,MUL
1132,134,Private Lessons:Viola,MUL
1132,134,Private Lessons:Violin,MUL
1132,134,Private Lessons:Voice,MUL
1133,234,Private Lessons:Bassoon,MUL
1133,234,Private Lessons:Cello,MUL
1133,234,Private Lessons:Clarinet,MUL
1133,234,Private Lessons:Class Guitar,MUL
1133,234,Private Lessons:Drum Set,MUL
1133,234,Private Lessons:Flute,MUL
1133,234,Private Lessons:Harp,MUL
1133,234,Private Lessons:Horn,MUL
1133,234,Private Lessons:Jazz Bass,MUL
1133,234,Private Lessons:Jazz Guitar,MUL
1133,234,Private Lessons:Jazz Piano,MUL
1133,234,Private Lessons:Jazz Saxophone,MUL
1133,234,Private Lessons:Jazz Trombone,MUL
1133,234,Private Lessons:Jazz Trumpet,MUL
1133,234,Private Lessons:Jazz Voice,MUL
1133,234,Private Lessons:Oboe,MUL
1133,234,Private Lessons:Organ,MUL
1133,234,Private Lessons:Percussion,MUL
1133,234,Private Lessons:Piano,MUL
1133,234,Private Lessons:Saxophone,MUL
1133,234,Private Lessons:String Bass,MUL
1133,234,Private Lessons:Trombone/Tuba,MUL
1133,234,Private Lessons:Trumpet,MUL
1133,234,Private Lessons:Viola,MUL
1133,234,Private Lessons:Violin,MUL
1133,234,Private Lessons:Voice,MUL
1134,33,What's Brewing in Food Science,NFS
1135,43,Fundamentals of Nutrition,NFS
1136,44,Survey of the Field,NFS
1137,63,Obesity Weight Control&Fitness,NFS
1138,113,Food Policy and Politics,NFS
1139,143,Nutrition in the Life Cycle,NFS
1140,163,Sports Nutrition,NFS
1141,183,Biochem for Life & Health Sci,NFS
1142,187,BiochemLab for Life&Health Sci,NFS
1143,198,Undergraduate Research,NFS
1144,203,Food Microbiology,NFS
1145,205,Functional Foods:Prncpl & Tech,NFS
1146,213,Food Microbiology Lab,NFS
1147,223,Nutrition Educ & Counseling,NFS
1148,260,Diet and Disease,NFS
1149,274,Community Practicum,NFS
1150,295,SL: SU: Sustain Food Prch,NFS
1150,295,Functional Foods Lab,NFS
1150,295,MSD Seminar,NFS
1151,296,Internship,NFS
1152,310,MSD Journal Club,NFS
1153,312,Supervised Practice II,NFS
1154,391,Master's Thesis Research,NFS
1155,392,Evidence-based Practice Prjct,NFS
1156,50,App to Hlth: From Pers to Syst,NH
1157,120,Health Care Ethics,NH
1158,195,Intermediate Special Topics,NH
1158,195,CNHS Honors Jr. Seminar,NH
1159,251,HC: Honors Project and Seminar,NH
1160,252,HC: Honors Project and Seminar,NH
1161,152,Radiopharmaceuticals,NMT
1162,153,Nuclear Med Clin Procedures I,NMT
1163,154,Nuclear Med Clin Procedures II,NMT
1164,156,Instrumentation II,NMT
1165,163,Nuclear Med Clin Practicum I,NMT
1166,252,Senior Seminar,NMT
1167,263,Adv Nuclear Med Clin Pract III,NMT
1168,1,SL:Natural Hst & Field Ecology,NR
1168,1,SL:Natural Hst & Field Ecology,NR
1169,6,D1:Race & Culture in NR,NR
1169,6,D1:Race & Culture in NR,NR
1170,15,SL:Ecology of Place,NR
1171,16,SL:Ecological Citizenship,NR
1171,16,Ecological Citizenship,NR
1172,21,Speaking and Listening,NR
1173,95,Social-ecological systems,NR
1173,95,Social-ecological systems,NR
1174,103,Ecology  Ecosystems & Environ,NR
1175,104,Social Proc & the Environment,NR
1176,107,SU:Human Health & the Envirnmt,NR
1177,137,Landscape Dsgn Fundamentals,NR
1178,141,Intro to Ecological Economics,NR
1179,143,Intro to Geog Info Systems,NR
1179,143,Intro to Geog Info Systems,NR
1180,153,Intro Environmental Policy,NR
1181,190,Internship,NR
1182,192,Independent Study,NR
1183,196,Undergraduate Research,NR
1184,197,Teaching Assistantship,NR
1185,205,Ecosys Mgt:Integ Sci Soc & Pol,NR
1186,206,SL: Env Prob Sol&Impact Assess,NR
1186,206,SL:Env Prob Sol&Impact Assess,NR
1187,207,D1: Power  Privilege & Envrnmt,NR
1188,242,Adv Geospatial Techniques,NR
1189,243,SL: GIS Practicum,NR
1190,280,Stream Ecology,NR
1191,288,Ecol Design & Living Technol,NR
1192,290,Internship,NR
1193,292,Independent Study,NR
1194,295,Economic Development Policy,NR
1195,296,Undergraduate Research,NR
1196,299,Honors,NR
1197,306,Envisioning a Sust Future,NR
1198,311,Leadership for Sustainability,NR
1199,333,Professional Writing,NR
1200,334,Professional Writing,NR
1201,342,Ecosystem Services,NR
1202,343,Fndmtls of Geog Info Systems,NR
1203,384,Independent Study in NR,NR
1204,387,Education for Sustainablty Sem,NR
1205,388,Ecological Leadership Seminar,NR
1206,391,Master's Thesis Research,NR
1207,392,Master's Project Research,NR
1208,395,Special Topics in NR,NR
1208,395,Ecol Design & Living Technol,NR
1208,395,Professional Communication,NR
1208,395,Education for the Anthropocene,NR
1208,395,Appl. Ecol.  Env. & Society,NR
1208,395,University Teaching,NR
1208,395,Economic Development Policy,NR
1208,395,Human Ecology in the Arctic,NR
1209,491,Doctoral Dissertation Rsch,NR
1210,197,Undergraduate Research,NSCI
1211,255,Neuroregeneration,NSCI
1212,270,Diseases of the Nervous System,NSCI
1213,295,Glia: Not Just Neuron Glue!,NSCI
1214,297,Undergraduate Research,NSCI
1215,306,Techniques in Neurobiology,NSCI
1216,328,Techniques in Microscopy,NSCI
1217,381,Sem in Anatomy & Neuroscience,NSCI
1218,391,Master's Thesis Research,NSCI
1219,491,Doctoral Dissertation Research,NSCI
1220,120,Pathophysiology,NURS
1221,291,Rsch in Orth & Rehab,ORTH
1222,292,Special Topics:Orthopaedics,ORTH
1223,0,OSSP  Fall,OSSP
1223,0,OSSP Fall Cont from Summer,OSSP
1224,1,Inclusive Exchange:In-State,OSSP
1224,1,Inclusive Exchange:OutofState,OSSP
1225,2,Tuition&Fees Exchg:In-State,OSSP
1225,2,Tuition&Fees Exchg:OutofState,OSSP
1226,206,Intro Cont Public Affairs,PA
1227,301,Foundations of Public Admin,PA
1228,303,Research & Evaluation Methods,PA
1228,303,Research & Evaluation Methods,PA
1229,305,Public and Nonprofit Budgeting,PA
1230,308,Decision Making Models,PA
1231,326,Community Economic Development,PA
1232,380,Internship,PA
1233,391,Master's Thesis Research,PA
1234,395,Peace Corps Analysis,PA
1235,397,Readings & Research,PA
1236,101,Intro to Human Disease,PATH
1237,330,Pathology Rotations,PATH
1238,391,Master's Thesis Research,PATH
1239,395,Special Topics Pathology,PATH
1240,109,Plant Systematics,PBIO
1240,109,Plant Systematics,PBIO
1241,177,Biology of Fungi,PBIO
1242,185,Biochem for Life & Health Sci,PBIO
1243,187,BiochemLab for Life&Health Sci,PBIO
1244,195,How Plants Can Save the World,PBIO
1245,197,Undergrad Research,PBIO
1246,232,Botany Field Trip,PBIO
1247,241,Tropical Plant Systematics,PBIO
1248,281,Botany Seminar,PBIO
1249,295,Ethics in Graduate Research,PBIO
1249,295,Biological Invasions,PBIO
1249,295,Bryophytes & Bryophyte Ecology,PBIO
1250,297,Advanced Undergrad Research,PBIO
1251,311,Field Naturalist Practicum,PBIO
1252,333,Professional Writing,PBIO
1253,369,Field Botany for NR Profession,PBIO
1254,391,Master's Thesis Research,PBIO
1255,392,Master's Project Research,PBIO
1256,491,Doctoral Dissertation Research,PBIO
1257,0,Varsity: Women's X-Country,PEAC
1257,0,Varsity:Women's Ice Hockey,PEAC
1257,0,Varsity: Men's Cross Country,PEAC
1257,0,Varsity:Women's Soccer,PEAC
1257,0,Varsity: Men's Soccer,PEAC
1257,0,Varsity:Field Hockey,PEAC
1257,0,Varsity:Men's Ice Hockey,PEAC
1257,0,Varsity:Men's Indoor Track,PEAC
1257,0,Varsity:Men's Outdoor Track,PEAC
1257,0,Varsity:Women's Basketball,PEAC
1257,0,Varsity:Men's Basketball,PEAC
1257,0,Varsity:Women's SwimmingDiving,PEAC
1257,0,Varsity:Women's Skiing,PEAC
1257,0,Varsity:Men's Skiing,PEAC
1257,0,Varsity:Women's Indoor Track,PEAC
1257,0,Varsity:Women's Outdoor Track,PEAC
1257,0,Varsity:Women's Lacross,PEAC
1257,0,Varsity:Men's Lacross,PEAC
1258,5,Club Sports: Aikido,PEAC
1258,5,Club Sports: Badminton,PEAC
1258,5,Club Sports: Baseball,PEAC
1258,5,Club Sports: Men's Basketball,PEAC
1258,5,Club Sports: Wmn's Basketball,PEAC
1258,5,Club Sports: Braz Jiu Jitsu,PEAC
1258,5,Club Sports:Ballet Viridis,PEAC
1258,5,Club Sports: Catamount Dance,PEAC
1258,5,Club Sports: Catayak(Paddling),PEAC
1258,5,Club Sports: Celtic Cats,PEAC
1258,5,Club Sports: Cheerleading,PEAC
1258,5,Club Sports: Climbing Club,PEAC
1258,5,Club Sports: Crew,PEAC
1258,5,Club Sports: Cycling,PEAC
1258,5,Club Sports:Climbing Team,PEAC
1258,5,Club Sports: Dressage,PEAC
1258,5,Club Sports: Equestrian,PEAC
1258,5,Club Sports: Fencing,PEAC
1258,5,Club Sports: Field Hockey,PEAC
1258,5,Club Sports: Figure Skating,PEAC
1258,5,Club Sports: Football,PEAC
1258,5,Club Sports: Freestyle Ski,PEAC
1258,5,Club Sports: Golf,PEAC
1258,5,Club Sports: Gymnastics,PEAC
1258,5,Club Sports: Hoop Dancing,PEAC
1258,5,Club Sports: Men's Ice Hockey,PEAC
1258,5,Club Sports: Wmn's Ice Hockey,PEAC
1258,5,Club Sports:Jazbaa Blywd Dance,PEAC
1258,5,Club Sports:Judo (Midori Yama),PEAC
1258,5,Club Sports: Men's Lacrosse,PEAC
1258,5,Club Sports: Women's Lacrosse,PEAC
1258,5,Club Sports: Orchesis Dance,PEAC
1258,5,Club Sports: Quidditch,PEAC
1258,5,Club Sports: Racquetball,PEAC
1258,5,Club Sports: Roller Hockey,PEAC
1258,5,Club Sports: Men's Rugby,PEAC
1258,5,Club Sports: Women's Rugby,PEAC
1258,5,Club Sports: Running Club,PEAC
1258,5,Club Sports: Sailing,PEAC
1258,5,Club Sports: SASS,PEAC
1258,5,Club Sports: Shooting Sports,PEAC
1258,5,Club Sports: Snowboard,PEAC
1258,5,Club Sports: Men's Soccer,PEAC
1258,5,Club Sports: Women's Soccer,PEAC
1258,5,Club Sports: Softball,PEAC
1258,5,Club Sports: Squash,PEAC
1258,5,Club Sports: Swimming,PEAC
1258,5,Club Sports: TaeKwon Do,PEAC
1258,5,Club Sports: Tennis,PEAC
1258,5,Club Sports: Triathlon,PEAC
1258,5,Club Sports: Men's Ult Frisbee,PEAC
1258,5,Club Sports: Wmn's Ult Frisbee,PEAC
1258,5,Club Sports: Urban Flava,PEAC
1258,5,Club Sports: UVM Dance,PEAC
1258,5,Club Sports: Men's Volleyball,PEAC
1258,5,Club Sports: Wmn's Volleyball,PEAC
1258,5,Club Sports: Water Polo,PEAC
1258,5,Club Sports: Wrestling,PEAC
1258,5,Club Sports: Olympic Lifting,PEAC
1259,12,Introduction to Yoga 1-2,PEAC
1260,17,Military Fitness,PEAC
1261,18,Rock Climbing,PEAC
1262,26,Jogging for Fitness,PEAC
1263,27,Group Fitness,PEAC
1264,29,Cycling & Heart Rate Training,PEAC
1265,30,Stand-Up Paddleboarding,PEAC
1266,36,Swimming 1-2,PEAC
1267,38,Swimming 3-4,PEAC
1268,44,Restorative Yoga,PEAC
1269,45,Intermediate Sailing,PEAC
1270,47,Scuba,PEAC
1271,49,Learn to Sail,PEAC
1272,52,Yoga & Mindfulness,PEAC
1273,61,Bowling 1-4,PEAC
1274,65,Figure Skating 1-4,PEAC
1275,67,Ice Hockey 1-2,PEAC
1276,68,5k/10k Training,PEAC
1277,74,Kickboxing for Self-Defense,PEAC
1278,92,Squash 1-2,PEAC
1279,93,Squash 3-4,PEAC
1280,96,Tennis 1-2,PEAC
1281,98,Tennis 3-4,PEAC
1282,100,Tennis 5-6,PEAC
1283,109,Yoga Asana & Philosophy,PEAC
1284,115,Yoga & the Chakras,PEAC
1285,151,Hip Hop Dance 1-2,PEAC
1286,152,Hip Hop Dance 3-4,PEAC
1287,153,Swing & Salsa,PEAC
1288,199,Yoga Teacher Training,PEAC
1289,301,Public Health & Health Policy,PH
1290,302,Epidemiology I,PH
1291,303,Biostatistics I:App Rsch in PH,PH
1292,304,Environmental Public Health,PH
1293,307,Epidemiology 2,PH
1294,310,Public Health Law and Ethics,PH
1295,314,Environmental Risk & Risk Comm,PH
1296,324,Public Health Informatics,PH
1297,325,Investigating DiseaseOutbreaks,PH
1298,10,TAP: Skepticism,PHIL
1298,10,Intro Phil: Selected Problems,PHIL
1298,10,D2:Intro Phil: East & West,PHIL
1298,10,Intro Phil: Ethics,PHIL
1298,10,TAP: Ethics of Eating,PHIL
1298,10,Intro Phil: Ethics of Eating,PHIL
1298,10,TAP: Death & Dying,PHIL
1299,13,Introduction to Logic,PHIL
1300,101,History of Ancient Philosophy,PHIL
1301,111,Philosophy of Mind,PHIL
1302,170,Feminism:Theories and Issues,PHIL
1303,195,Epistemology,PHIL
1303,195,Philosophy of Language,PHIL
1303,195,Aristotle,PHIL
1304,197,Independent Study,PHIL
1305,235,Philosophy of Religion,PHIL
1306,240,Contemporary Ethical Theory,PHIL
1307,295,SL: Moral Saints,PHIL
1307,295,Phil. of Social Science,PHIL
1308,297,Independent Study,PHIL
1309,201,Introduction to Pharmacology,PHRM
1310,240,Molecules & Medicine,PHRM
1311,297,Undergraduate Research,PHRM
1312,302,Pharmacological Techniques,PHRM
1313,305,Milestones in Pharmacology,PHRM
1314,372,Special Topics,PHRM
1315,373,Readings in Pharmacology,PHRM
1316,381,Seminar,PHRM
1317,391,Master's Thesis Research,PHRM
1318,491,Doctoral Dissertation Research,PHRM
1319,11,Elementary Physics,PHYS
1319,11,Elementary Physics,PHYS
1320,21,Introductory Lab I,PHYS
1321,30,Physics Problem Solving I,PHYS
1322,31,Physics for Engineers I,PHYS
1322,31,Physics for Engineers I,PHYS
1323,44,The Physics of Music,PHYS
1324,51,Fundamentals of Physics I,PHYS
1324,51,Fundamentals of Physics I,PHYS
1325,95,TAP:Seeing Cells & Atoms,PHYS
1326,123,Physics Problem Solving II,PHYS
1327,125,Physics for Engineers II,PHYS
1328,128,Waves and Quanta,PHYS
1329,198,Undergraduate Research,PHYS
1330,213,Electricity & Magnetism,PHYS
1331,222,Biological Physics,PHYS
1332,256,Computational Physics,PHYS
1333,257,Modern Astrophysics,PHYS
1334,264,Nuclear & Elem Particle Physic,PHYS
1335,273,Quantum Mechanics I,PHYS
1336,305,Teaching of College Physics,PHYS
1337,313,Electromagnetic Theory,PHYS
1338,391,Master's Thesis Research,PHYS
1339,21,TAP:American Political System,POLS
1339,21,American Political System,POLS
1340,41,TAP:Intro to Political Theory,POLS
1340,41,Intro to Political Theory,POLS
1341,51,Intro International Relations,POLS
1342,71,Comparative Political Systems,POLS
1343,95,D2:TAP:Introduction to Mexico,POLS
1343,95,The 2016 Election,POLS
1343,95,TAP:Pol of Environmentalism,POLS
1344,125,Political Parties & Elections,POLS
1345,127,The Congressional Process,POLS
1346,129,D1:Const Law:Civil Rights Amer,POLS
1347,139,Public Policy:Tools&Processes,POLS
1348,142,History of Political Thought,POLS
1349,149,Political  Islam,POLS
1350,157,D2:Int'l Politics Middle East,POLS
1351,172,Politic&Society in Russian Fed,POLS
1352,180,Comparative Environmental Pol,POLS
1353,181,Fund of Social Research,POLS
1354,191,Internship,POLS
1355,195,Internat'l Politics of E Asia,POLS
1355,195,Electing the President,POLS
1355,195,Intro Environmental Policy,POLS
1356,197,Independent Study,POLS
1357,229,Leadership Sel&Inst Change,POLS
1358,235,Gender and Law,POLS
1359,249,Thoreau & Civil Disobedience,POLS
1360,259,Foreign Military Intervention,POLS
1361,270,D2: Mexican Politics,POLS
1362,297,Independent Study,POLS
1363,60,Trans to Cntmp Prof Nursing,PRNU
1364,110,Art & Science of Nursing,PRNU
1365,121,SL: Gerontology,PRNU
1366,128,Pharmacology,PRNU
1367,129,Women & Newborn Nurs: Thry&Ptm,PRNU
1367,129,Women & Newborn Nurs: Thry&Ptm,PRNU
1368,132,Child & Adoles Nurs:Thry & Ptm,PRNU
1368,132,Child & Adoles Nurs:Thry & Ptm,PRNU
1369,196,Clinical Practicum,PRNU
1369,196,Chronic Dis Mgmt in Comm,PRNU
1370,197,Independent Study,PRNU
1371,234,Adlt Hlth Nurs II: Thry & Ptm,PRNU
1371,234,Adlt Hlth Nurs II: Thry & Ptm,PRNU
1372,235,Psych/MH Nurs: Thry & Ptm,PRNU
1372,235,Psych/MH Nurs: Thry & Ptm,PRNU
1373,265,Intro Health Care Fin & Policy,PRNU
1374,295,Public Health Nursing,PRNU
1375,1,Intro to Recreation & Tourism,PRT
1376,138,SL:Landsc. Archfor Parks & Rec,PRT
1376,138,SL:Landsc. Archfor Parks & Rec,PRT
1376,138,SL:Landsc. Arch forParks & Rec,PRT
1377,149,Wilderness Educ & Leadership,PRT
1378,158,SL:Resort Mgmt & Marketing,PRT
1379,191,Parks Recr & Tourism Practicum,PRT
1380,235,Outdoor Recreation Planning,PRT
1381,255,Environmental Interpretation,PRT
1382,299,Parks Recr & Tourism Honors,PRT
1383,10,Home & Garden Horticulture,PSS
1384,15,Home & Garden Horticulture Lab,PSS
1385,21,SU: Intro to Ecological Agr,PSS
1386,95,Drawing & Painting Botanicals,PSS
1386,95,Intro Lab Research Techniques,PSS
1386,95,Home Fruit Growing,PSS
1387,106,Entomology & Pest Mgmt,PSS
1387,106,Entomology & Pest Mgmt,PSS
1388,112,Weed Ecology & Management,PSS
1388,112,Weed Ecology & Management,PSS
1389,121,Indoor Plants,PSS
1390,123,Garden Flowers,PSS
1391,125,Woody Landscape Plants,PSS
1392,137,Landscape Dsgn Fundamentals,PSS
1393,145,Turfgrass Management,PSS
1394,156,Permaculture,PSS
1395,158,Internship:Eco Ag/Lndscape Hrt,PSS
1396,161,SU: Fundmntls of Soil Science,PSS
1396,161,SU:Fundmntls of Soil Science,PSS
1396,161,SU:Fundmntls of Soil Science,PSS
1397,190,Internship,PSS
1398,195,Landscape Design: Pollinators,PSS
1398,195,Flowers & Foliage,PSS
1399,197,Woody Landscape Plants TA,PSS
1399,197,Home Horticulture Lab TA,PSS
1399,197,Weed Ecology Lab TA,PSS
1399,197,TA for Design for Pollinators,PSS
1399,197,Clay,PSS
1399,197,Plant Growth-Light & Nutrients,PSS
1400,198,Undergraduate Research,PSS
1401,212,SL:SU: Advanced Agroecology,PSS
1401,212,SL:SU:Advanced Agroecology,PSS
1402,261,Soil Morph Class & Land Use,PSS
1403,297,NRCS - H.H. Bennett Internship,PSS
1403,297,Agroecology for Grad Students,PSS
1403,297,Soil Science for Grad Students,PSS
1403,297,Weed Ecology for Grad Students,PSS
1404,301,Professional Skills Colloquium,PSS
1405,381,Quant Thinkng Life Sciences,PSS
1405,381,Grad Landscape Dsgn-Drwng,PSS
1405,381,Food security in coffee farms,PSS
1405,381,Weed Ecology Studies,PSS
1405,381,Graduate Special Topics,PSS
1406,391,Master's Thesis Research,PSS
1407,393,Seminar Series,PSS
1408,491,Doctoral Dissertation Research,PSS
1409,777,U Washington Seminar,PSTG
1410,1,Intro to Psychological Science,PSYS
1411,53,Research Methods,PSYS
1411,53,Research Methods,PSYS
1412,95,TAP: Meanings of Madness,PSYS
1412,95,TAP: Social Psychology of Food,PSYS
1412,95,TAP: Debunking Myths of Adoles,PSYS
1413,107,Intro to Psycholinguistics,PSYS
1414,111,Learning  Cognition & Behavior,PSYS
1415,115,Biopsychology,PSYS
1416,130,Social Psychology,PSYS
1417,150,Developmental Psych: Childhood,PSYS
1418,170,Abnormal Psychology,PSYS
1419,190,SL:Internship,PSYS
1420,195,Psychology of Everyday Life,PSYS
1421,198,Undergraduate Research,PSYS
1422,213,Motivation,PSYS
1423,214,Adv Cognitive Neuroscience,PSYS
1424,215,Physiological Psychology,PSYS
1424,215,Physiological Psychology,PSYS
1425,216,Psychopharmacology,PSYS
1426,218,Hormones and Behavior,PSYS
1427,252,Emotional Devlmt & Temperament,PSYS
1428,257,Adolescence,PSYS
1429,259,Psychology of Families,PSYS
1430,268,SL:Fit Kids Applied Research,PSYS
1430,268,SL:Fit Kids Applied Research,PSYS
1430,268,Fit Kids Applied Research,PSYS
1431,271,Intro to Clinical Psychology,PSYS
1432,279,Intro to Health Psychology,PSYS
1433,295,Advncd Fit Kids-Applied Rsrch,PSYS
1433,295,Advncd Fit Kids-Applied Rsrch,PSYS
1434,304,Adv Statistical Methods I,PSYS
1435,306,Analysis of Longitudinal Data,PSYS
1436,315,Biobehavioral Proseminar,PSYS
1437,373,Adult Psychological Assessment,PSYS
1438,376,Cross Culture Clin Interv/Rsrc,PSYS
1439,385,Advanced Clinical Practicum,PSYS
1439,385,Advanced Clinical Practicum,PSYS
1440,389,Internship in Clinical Psyc,PSYS
1441,391,Master's Thesis Research,PSYS
1442,393,Adv Professional/Research Sem,PSYS
1443,395,Advanced Readings/Research,PSYS
1444,396,Behavioral Economics,PSYS
1445,491,Doctoral Dissertation Research,PSYS
1446,305,Pathophysiology/Pharmacology,PT
1447,307,Pro Sem 2:Prep for PT Practice,PT
1448,318,Movt Sci 1: Kinesiology,PT
1449,320,Undrstdng Evidence in PT Pract,PT
1450,322,Adv Evidence Based Pract Sklls,PT
1451,328,Independent Study,PT
1452,330,Psychosocial Issues in Health,PT
1453,340,Patient Mngmt Fndmntl Skills,PT
1454,345,Patient Mgt-Neuromuscular 1,PT
1455,347,Patient Mgt:Cardiopulmonary,PT
1456,371,Clinical Internship 2,PT
1457,372,Clinical Internship 3A,PT
1458,173,Intro to Clinical Practice,RADT
1459,223,Clinical Practicum III,RADT
1460,270,Dosimetry Concepts,RADT
1461,277,Techniques Radiation Therapy,RADT
1462,20,D2: Comparing Religions,REL
1463,21,TAP:D2: Religions in Asia,REL
1463,21,D2: Religions in Asia,REL
1464,23,TAP:D2: What is the Bible?,REL
1465,27,IHP:Integr Humanities,REL
1466,29,D2:Religion and Globalization,REL
1467,85,On the Meaning of Life,REL
1468,95,Introduction to Jewish Studies,REL
1469,116,Judaism,REL
1470,127,D1:Caribbean Religion & Beyond,REL
1471,163,D2:Women & Religion in Africa,REL
1472,190,Teaching Assistantship,REL
1473,195,Rel & Ways of Knowing,REL
1473,195,SU:Rel Prspctvs onSustainablty,REL
1474,197,Independent Study,REL
1475,202,Research in Religion Practicum,REL
1476,224,Studies in Christianity,REL
1477,255,Religion  Nation  and State,REL
1478,297,Religion & Empire,REL
1479,157,Care & Prevent of Ath Injur,RMS
1480,188,D2:Org&Ldrship in AthTrn&Ex Sc,RMS
1481,213,Biomechanics of Human Movement,RMS
1482,250,Exercise Physiology,RMS
1482,250,Exercise Physiology,RMS
1483,298,Undergraduate Research,RMS
1484,1,Elementary Russian,RUSS
1485,51,Intermediate Russian,RUSS
1486,141,Reading Comprehension,RUSS
1487,161,Russian Lexicology,RUSS
1488,197,Independent Study,RUSS
1489,1,SU: Introduction to Sociology,SOC
1490,14,Deviance & Social Control,SOC
1491,19,D1: Race Relations in the US,SOC
1491,19,TAP: D1:Race Relations in USA,SOC
1492,22,Sociology of Sexualities,SOC
1493,32,ISSP: Social Inequality,SOC
1494,49,TAP: Science Fiction & Society,SOC
1495,54,TAP: Health Care in America,SOC
1496,95,TAP:Reproductive Rghts&Pop Pol,SOC
1497,100,Fund of Social Research,SOC
1497,100,SL:Fund of Social Research,SOC
1498,101,Developm't Sociological Theory,SOC
1499,121,SU:Sociology of Disaster,SOC
1500,122,D2:Women & Gender in Society,SOC
1501,188,Teaching Assistantship,SOC
1502,195,International Deviance,SOC
1502,195,Poverty and Policy,SOC
1502,195,Media and Elections,SOC
1503,197,Independent Study,SOC
1504,198,Undergraduate Research,SOC
1505,203,SL:Adv Environ Sociology,SOC
1506,216,SL:Criminal Justice,SOC
1507,220,Internship in Gerontology,SOC
1508,232,Social Class & Mobility,SOC
1509,240,Political Sociology,SOC
1510,260,Sociology of Education,SOC
1511,274,Qualitative Research Methods,SOC
1512,286,SL: Internship,SOC
1513,288,Teaching Assistantship,SOC
1514,297,Independent Study,SOC
1515,298,Undergraduate Research,SOC
1516,1,Elementary I,SPAN
1517,2,Elementary II,SPAN
1518,51,Intermediate I,SPAN
1519,52,Intermediate II,SPAN
1520,101,Composition & Conversation,SPAN
1520,101,SL: Composition & Conversation,SPAN
1521,105,Phonetics & Phonology,SPAN
1522,140,Analyzing Hispanic Literatures,SPAN
1523,143,Intro Lit & Culture Spain I,SPAN
1524,145,Intro Lit & Culture Lat Am I,SPAN
1525,201,Adv Composition & Conversation,SPAN
1526,202,Topics in Spanish Lang Study,SPAN
1527,246,Reading Cervantes,SPAN
1528,269,Latin Amer City in Lit/Film,SPAN
1529,274,Latin American Poetry,SPAN
1530,11,Effective Speaking,SPCH
1531,31,Argument & Decision,SPCH
1532,71,Fundamentals of Debate,SPCH
1533,95,Communicating Masculinities,SPCH
1534,195,Advanced Public Speaking,SPCH
1535,197,Independent Study,SPCH
1536,198,Undergraduate Research,SPCH
1537,51,Probability With Statistics,STAT
1538,87,Introduction to Data Science,STAT
1539,95,D2:Statistics & Social Justice,STAT
1540,111,Elements of Statistics,STAT
1541,141,Basic Statistical Methods,STAT
1542,143,Statistics for Engineering,STAT
1543,151,Applied Probability,STAT
1544,183,Statistics for Business,STAT
1545,191,Independent Study,STAT
1546,200,Med Biostatistics&Epidemiology,STAT
1547,201,Stat Computing & Data Analysis,STAT
1548,211,Statistical Methods I,STAT
1549,221,Statistical Methods II,STAT
1550,224,Stats for Quality&Productivity,STAT
1551,241,Statistical Inference,STAT
1552,251,Probability Theory,STAT
1553,281,Statistics Practicum,STAT
1554,287,Data Science I,STAT
1555,293,Undergrad Honors Thesis,STAT
1556,295,Intro. to Statistical Learning,STAT
1557,330,Bayesian Statistics,STAT
1558,381,Statistical Research,STAT
1558,381,Statistical Research,STAT
1559,385,Consulting Practicum,STAT
1560,391,Master's Thesis Research,STAT
1561,200,Emergency Medicine Research I,SURG
1562,201,Emergency Medicine Research II,SURG
1563,220,Adv Topics Emerg Med Research,SURG
1564,295,Advanced Special Topics,SURG
1565,2,Foundations of Social Work,SWSS
1566,8,SL:Civic Engagemnt&Slf-Reflect,SWSS
1567,58,SL:Civic Engagement&Leadership,SWSS
1568,60,D1:Racism & Contemporary Issue,SWSS
1569,147,D2: Theories in Social Work I,SWSS
1570,150,Independent Study,SWSS
1571,164,Intro Social Work Research,SWSS
1572,165,Iss & Pol in Social Welfare I,SWSS
1573,168,Social Work Practice I,SWSS
1574,171,Field Experience Seminar I,SWSS
1575,173,Field Experience I,SWSS
1576,200,Soc. Justice  Poverty  Inequal,SWSS
1577,212,Social Work Practice I,SWSS
1578,216,Th Found of Hum Beh&Soc Envr I,SWSS
1579,220,Soc Welfare Pol & Services I,SWSS
1580,224,Child Abuse & Neglect,SWSS
1581,229,D2:Soc Work&Disability Rights,SWSS
1582,290,Foundation Yr Field Practicum,SWSS
1583,314,Transformative Social Work I,SWSS
1584,320,Adv Soc Welf Policy Anyl&Prac,SWSS
1585,327,Adv Social Work Research,SWSS
1586,340,Trans. Change in SW Orgs,SWSS
1587,380,SW Public Health,SWSS
1588,390,Concentration Yr Field Pract,SWSS
1589,10,Acting I: Intro to Acting,THE
1589,10,TAP:Acting I: Intro to Acting,THE
1590,20,Fundamentals of Lighting,THE
1591,30,Fundamentals of Scenery,THE
1592,40,Fundamentals of Costuming,THE
1592,40,Fundamentals of Costuming,THE
1593,50,Dramatic Analysis,THE
1594,110,Acting II:Cntmp Scene Study,THE
1595,120,Lighting Design,THE
1596,131,Scene Painting Concepts&Appl,THE
1597,140,Costume Design,THE
1598,190,Theatre Practicum,THE
1599,195,Musical Theatre Dance,THE
1600,197,Independent Study,THE
1601,198,Undergraduate Research,THE
1602,200,Professional Preparation,THE
1603,250,Directing I,THE
1604,252,History II:17th - 21st Century,THE
1605,283,Seminar - Design,THE
1606,297,Independent Study,THE
1607,314,Risk/Behavior in Transportatn,TRC
1608,395,Special Topics in Sust Trans,TRC
1608,395,Special Topics in Sust Trans,TRC
1609,52,SU: Introduction to Vermont,VS
1610,158,History of New England,VS
1611,191,Internship,VS
1612,197,Independent Study,VS
1613,13,Intro to Wildlife Tracking,WFB
1614,15,Wildlife Track Analysis,WFB
1615,161,Fisheries Biology & Techniques,WFB
1615,161,Fisheries Biology & Techniques,WFB
1616,174,Prin of Wildlife Management,WFB
1617,187,Undergraduate Research,WFB
1618,191,Internship,WFB
1619,192,Independent Study,WFB
1620,195,Tracking Wildlife Corridors,WFB
1621,271,Wetlands Wildlife,WFB
1622,275,Wildlife Behavior,WFB
1623,299,Wildlife & Fisheries Honors,WFB
1624,17,The Nature of Proverbs,WLIT
1624,17,TAP: Nature in German Lit.,WLIT
1625,18,TAP: Necropolis: St Petersburg,WLIT
1626,24,Myths & Legends of Trojan War,WLIT
1627,95,Virtue & Violence in CHIN Lit,WLIT
1628,109,D2:Japanese Lit-Premodern,WLIT
1629,110,D2:Clsscl Chinese Lit in Trans,WLIT
1630,195,War Memory and Trauma in- Lit,WLIT
1631,295,Dante,WLIT
